Age,BMI,Menstrual_Irregularity,Testosterone_Level(ng/dL),Antral_Follicle_Count,PCOS_Diagnosis,LH,FSH,Cycle_Length,Acne,Hair_Growth,Hair_Loss,AMH,Weight_Gain,Skin_Darkening,Waist_Hip_Ratio,TSH,RBS,Fast_Food,Exercise,Vitamin_D
24,34.7,1.0,25.2,20,0,,,,,,,,,,,,,,,
37,26.4,0.0,57.1,25,0,,,,,,,,,,,,,,,
32,23.6,0.0,92.7,28,0,,,,,,,,,,,,,,,
28,28.8,0.0,63.1,26,0,,,,,,,,,,,,,,,
25,22.1,1.0,59.8,8,0,,,,,,,,,,,,,,,
38,19.3,0.0,28.4,6,0,,,,,,,,,,,,,,,
24,20.2,1.0,72.5,29,0,,,,,,,,,,,,,,,
43,20.2,1.0,85.8,17,0,,,,,,,,,,,,,,,
36,20.6,0.0,50.4,5,0,,,,,,,,,,,,,,,
40,20.4,0.0,82.0,21,0,,,,,,,,,,,,,,,
28,28.9,0.0,97.2,17,0,,,,,,,,,,,,,,,
28,21.1,1.0,36.3,8,0,,,,,,,,,,,,,,,
41,23.9,0.0,61.9,11,0,,,,,,,,,,,,,,,
38,33.2,1.0,43.0,21,1,,,,,,,,,,,,,,,
21,26.1,1.0,83.4,13,1,,,,,,,,,,,,,,,
25,29.3,0.0,66.2,8,0,,,,,,,,,,,,,,,
41,20.9,0.0,70.8,23,0,,,,,,,,,,,,,,,
20,21.3,0.0,83.8,5,0,,,,,,,,,,,,,,,
39,18.7,0.0,51.7,14,0,,,,,,,,,,,,,,,
38,20.9,0.0,93.2,8,0,,,,,,,,,,,,,,,
19,22.7,0.0,62.6,13,0,,,,,,,,,,,,,,,
41,21.0,1.0,32.6,17,0,,,,,,,,,,,,,,,
29,19.5,1.0,75.7,18,0,,,,,,,,,,,,,,,
23,20.1,1.0,83.5,14,0,,,,,,,,,,,,,,,
19,25.8,0.0,45.3,10,0,,,,,,,,,,,,,,,
45,21.5,1.0,88.6,20,0,,,,,,,,,,,,,,,
38,24.2,1.0,92.5,10,0,,,,,,,,,,,,,,,
18,26.6,1.0,42.2,21,1,,,,,,,,,,,,,,,
29,29.7,1.0,98.7,14,1,,,,,,,,,,,,,,,
43,18.7,1.0,31.3,22,0,,,,,,,,,,,,,,,
39,31.6,0.0,36.2,26,0,,,,,,,,,,,,,,,
29,28.7,0.0,34.7,22,0,,,,,,,,,,,,,,,
42,19.4,1.0,91.5,7,0,,,,,,,,,,,,,,,
34,32.9,1.0,72.3,24,1,,,,,,,,,,,,,,,
44,33.7,1.0,32.2,25,0,,,,,,,,,,,,,,,
44,19.0,0.0,55.2,29,0,,,,,,,,,,,,,,,
27,22.7,0.0,69.2,19,0,,,,,,,,,,,,,,,
45,31.7,1.0,26.7,19,0,,,,,,,,,,,,,,,
45,30.7,0.0,90.6,8,0,,,,,,,,,,,,,,,
33,21.1,0.0,84.3,13,0,,,,,,,,,,,,,,,
32,21.6,1.0,60.4,23,0,,,,,,,,,,,,,,,
32,24.3,0.0,97.4,28,0,,,,,,,,,,,,,,,
36,26.2,0.0,53.4,21,0,,,,,,,,,,,,,,,
29,28.5,1.0,98.7,15,1,,,,,,,,,,,,,,,
40,24.3,0.0,73.4,29,0,,,,,,,,,,,,,,,
37,25.9,0.0,70.8,13,0,,,,,,,,,,,,,,,
42,30.7,1.0,33.3,14,0,,,,,,,,,,,,,,,
20,18.6,0.0,90.6,22,0,,,,,,,,,,,,,,,
22,22.3,0.0,54.2,24,0,,,,,,,,,,,,,,,
36,30.1,1.0,33.0,17,0,,,,,,,,,,,,,,,
24,33.2,1.0,21.0,12,0,,,,,,,,,,,,,,,
38,26.7,1.0,64.8,11,1,,,,,,,,,,,,,,,
26,27.0,0.0,62.2,21,0,,,,,,,,,,,,,,,
24,19.8,1.0,77.5,25,0,,,,,,,,,,,,,,,
35,25.6,0.0,91.2,27,0,,,,,,,,,,,,,,,
21,27.1,1.0,26.4,19,0,,,,,,,,,,,,,,,
42,22.1,0.0,78.5,24,0,,,,,,,,,,,,,,,
45,22.6,1.0,35.0,19,0,,,,,,,,,,,,,,,
31,24.4,1.0,88.7,5,0,,,,,,,,,,,,,,,
35,18.3,1.0,85.5,29,0,,,,,,,,,,,,,,,
43,23.5,1.0,63.3,18,0,,,,,,,,,,,,,,,
26,21.6,0.0,76.8,9,0,,,,,,,,,,,,,,,
43,23.6,1.0,45.1,15,0,,,,,,,,,,,,,,,
38,20.0,1.0,57.7,20,0,,,,,,,,,,,,,,,
19,33.1,0.0,85.7,6,0,,,,,,,,,,,,,,,
37,28.1,1.0,56.7,12,1,,,,,,,,,,,,,,,
45,29.5,0.0,48.6,15,0,,,,,,,,,,,,,,,
32,31.4,1.0,59.5,22,1,,,,,,,,,,,,,,,
45,26.5,1.0,86.3,7,0,,,,,,,,,,,,,,,
24,19.5,1.0,46.8,5,0,,,,,,,,,,,,,,,
29,27.1,0.0,33.9,15,0,,,,,,,,,,,,,,,
25,28.0,1.0,77.0,20,1,,,,,,,,,,,,,,,
32,30.7,1.0,86.1,22,1,,,,,,,,,,,,,,,
20,25.3,1.0,28.1,20,0,,,,,,,,,,,,,,,
31,20.2,0.0,39.2,27,0,,,,,,,,,,,,,,,
34,22.8,0.0,31.4,14,0,,,,,,,,,,,,,,,
21,24.2,1.0,47.8,22,0,,,,,,,,,,,,,,,
35,29.0,0.0,56.0,10,0,,,,,,,,,,,,,,,
25,27.7,1.0,79.9,23,1,,,,,,,,,,,,,,,
21,24.1,1.0,72.1,8,0,,,,,,,,,,,,,,,
19,34.8,1.0,69.7,17,1,,,,,,,,,,,,,,,
23,28.3,1.0,48.2,28,1,,,,,,,,,,,,,,,
39,22.0,1.0,87.3,18,0,,,,,,,,,,,,,,,
27,19.7,1.0,57.7,7,0,,,,,,,,,,,,,,,
21,20.6,1.0,98.3,14,0,,,,,,,,,,,,,,,
39,22.2,0.0,70.7,10,0,,,,,,,,,,,,,,,
35,20.7,0.0,30.1,5,0,,,,,,,,,,,,,,,
43,21.2,0.0,74.1,27,0,,,,,,,,,,,,,,,
29,22.8,0.0,46.0,28,0,,,,,,,,,,,,,,,
19,20.9,0.0,74.9,18,0,,,,,,,,,,,,,,,
27,33.2,0.0,25.6,12,0,,,,,,,,,,,,,,,
21,19.4,0.0,34.0,23,0,,,,,,,,,,,,,,,
31,26.9,1.0,88.5,18,1,,,,,,,,,,,,,,,
33,25.0,1.0,38.2,14,0,,,,,,,,,,,,,,,
32,34.7,1.0,87.0,21,1,,,,,,,,,,,,,,,
25,19.9,1.0,42.3,13,0,,,,,,,,,,,,,,,
31,24.8,0.0,71.4,10,0,,,,,,,,,,,,,,,
40,34.5,0.0,75.5,15,0,,,,,,,,,,,,,,,
45,32.7,1.0,61.0,29,1,,,,,,,,,,,,,,,
42,31.9,1.0,44.4,11,1,,,,,,,,,,,,,,,
25,22.4,0.0,37.0,21,0,,,,,,,,,,,,,,,
38,20.9,1.0,22.7,5,0,,,,,,,,,,,,,,,
33,29.4,1.0,44.3,26,1,,,,,,,,,,,,,,,
30,33.8,1.0,72.3,9,0,,,,,,,,,,,,,,,
35,27.5,1.0,95.1,13,1,,,,,,,,,,,,,,,
32,27.7,0.0,89.7,22,0,,,,,,,,,,,,,,,
38,22.8,1.0,81.3,28,0,,,,,,,,,,,,,,,
41,31.1,1.0,83.1,25,1,,,,,,,,,,,,,,,
43,21.2,0.0,73.2,6,0,,,,,,,,,,,,,,,
42,23.5,0.0,40.8,15,0,,,,,,,,,,,,,,,
45,25.2,1.0,92.6,10,0,,,,,,,,,,,,,,,
45,26.6,0.0,73.7,12,0,,,,,,,,,,,,,,,
45,22.1,1.0,64.8,8,0,,,,,,,,,,,,,,,
30,20.0,1.0,28.9,22,0,,,,,,,,,,,,,,,
26,28.4,0.0,55.8,15,0,,,,,,,,,,,,,,,
32,22.9,1.0,56.8,9,0,,,,,,,,,,,,,,,
30,27.9,1.0,89.2,19,1,,,,,,,,,,,,,,,
18,20.6,1.0,63.7,22,0,,,,,,,,,,,,,,,
42,26.2,1.0,50.4,6,0,,,,,,,,,,,,,,,
24,27.1,0.0,98.1,26,0,,,,,,,,,,,,,,,
26,18.9,0.0,28.9,15,0,,,,,,,,,,,,,,,
41,23.7,1.0,53.8,29,0,,,,,,,,,,,,,,,
18,20.3,0.0,23.4,17,0,,,,,,,,,,,,,,,
29,19.1,1.0,79.2,8,0,,,,,,,,,,,,,,,
25,34.8,1.0,93.4,26,1,,,,,,,,,,,,,,,
41,23.5,1.0,42.4,11,0,,,,,,,,,,,,,,,
28,31.8,1.0,88.7,15,1,,,,,,,,,,,,,,,
36,22.3,1.0,43.4,26,0,,,,,,,,,,,,,,,
34,29.6,0.0,92.9,28,0,,,,,,,,,,,,,,,
25,30.9,1.0,80.3,8,0,,,,,,,,,,,,,,,
20,28.1,0.0,84.4,19,0,,,,,,,,,,,,,,,
20,26.0,0.0,21.4,5,0,,,,,,,,,,,,,,,
18,25.0,1.0,97.0,27,0,,,,,,,,,,,,,,,
44,23.9,1.0,78.1,7,0,,,,,,,,,,,,,,,
22,33.8,1.0,44.4,18,1,,,,,,,,,,,,,,,
27,32.1,1.0,86.4,10,0,,,,,,,,,,,,,,,
24,34.4,1.0,42.5,22,1,,,,,,,,,,,,,,,
43,20.1,0.0,89.8,29,0,,,,,,,,,,,,,,,
26,30.4,1.0,29.0,5,0,,,,,,,,,,,,,,,
45,34.0,1.0,76.3,10,0,,,,,,,,,,,,,,,
24,21.1,0.0,63.3,10,0,,,,,,,,,,,,,,,
26,19.1,0.0,27.7,25,0,,,,,,,,,,,,,,,
25,30.6,1.0,39.4,20,0,,,,,,,,,,,,,,,
29,27.8,0.0,21.0,9,0,,,,,,,,,,,,,,,
19,32.3,1.0,57.5,21,1,,,,,,,,,,,,,,,
18,20.4,0.0,44.1,14,0,,,,,,,,,,,,,,,
33,31.5,0.0,67.9,25,0,,,,,,,,,,,,,,,
40,21.4,1.0,43.8,22,0,,,,,,,,,,,,,,,
40,20.8,0.0,44.0,11,0,,,,,,,,,,,,,,,
41,20.8,0.0,79.5,7,0,,,,,,,,,,,,,,,
22,31.8,0.0,23.9,17,0,,,,,,,,,,,,,,,
20,29.3,0.0,92.2,19,0,,,,,,,,,,,,,,,
29,26.9,0.0,88.2,24,0,,,,,,,,,,,,,,,
25,24.1,0.0,73.4,23,0,,,,,,,,,,,,,,,
39,32.9,1.0,67.5,7,0,,,,,,,,,,,,,,,
44,24.7,1.0,91.4,8,0,,,,,,,,,,,,,,,
20,31.9,0.0,34.8,9,0,,,,,,,,,,,,,,,
18,25.5,1.0,26.3,5,0,,,,,,,,,,,,,,,
20,24.4,1.0,39.2,8,0,,,,,,,,,,,,,,,
22,25.9,1.0,83.6,16,1,,,,,,,,,,,,,,,
32,23.1,0.0,22.8,28,0,,,,,,,,,,,,,,,
31,30.7,1.0,66.6,14,1,,,,,,,,,,,,,,,
20,26.5,0.0,99.6,27,0,,,,,,,,,,,,,,,
18,21.9,1.0,88.5,29,0,,,,,,,,,,,,,,,
22,33.3,0.0,61.7,25,0,,,,,,,,,,,,,,,
43,24.5,0.0,25.1,24,0,,,,,,,,,,,,,,,
40,27.2,1.0,86.5,28,1,,,,,,,,,,,,,,,
31,33.4,1.0,67.9,29,1,,,,,,,,,,,,,,,
24,28.6,0.0,29.2,17,0,,,,,,,,,,,,,,,
44,20.0,1.0,27.5,27,0,,,,,,,,,,,,,,,
26,34.0,1.0,92.8,18,1,,,,,,,,,,,,,,,
32,28.7,1.0,73.5,27,1,,,,,,,,,,,,,,,
32,23.7,0.0,86.3,9,0,,,,,,,,,,,,,,,
43,20.4,0.0,90.3,8,0,,,,,,,,,,,,,,,
27,31.5,1.0,65.7,18,1,,,,,,,,,,,,,,,
45,28.5,1.0,61.4,14,1,,,,,,,,,,,,,,,
30,27.1,1.0,54.4,21,1,,,,,,,,,,,,,,,
36,33.2,0.0,45.4,14,0,,,,,,,,,,,,,,,
24,31.4,0.0,54.8,11,0,,,,,,,,,,,,,,,
34,20.6,1.0,81.9,20,0,,,,,,,,,,,,,,,
37,23.3,1.0,68.2,5,0,,,,,,,,,,,,,,,
21,22.2,1.0,91.4,21,0,,,,,,,,,,,,,,,
22,30.6,1.0,55.5,25,1,,,,,,,,,,,,,,,
40,18.6,1.0,68.6,13,0,,,,,,,,,,,,,,,
24,27.7,1.0,70.5,10,0,,,,,,,,,,,,,,,
30,31.0,0.0,67.3,23,0,,,,,,,,,,,,,,,
32,32.9,1.0,76.2,17,1,,,,,,,,,,,,,,,
28,23.8,0.0,39.0,7,0,,,,,,,,,,,,,,,
21,32.0,1.0,61.0,11,1,,,,,,,,,,,,,,,
30,19.9,1.0,28.3,26,0,,,,,,,,,,,,,,,
24,32.4,0.0,50.8,13,0,,,,,,,,,,,,,,,
44,20.2,0.0,59.0,26,0,,,,,,,,,,,,,,,
36,24.8,0.0,72.2,9,0,,,,,,,,,,,,,,,
39,31.6,0.0,96.0,14,0,,,,,,,,,,,,,,,
45,20.5,1.0,68.1,27,0,,,,,,,,,,,,,,,
19,21.9,0.0,79.5,21,0,,,,,,,,,,,,,,,
27,30.3,1.0,60.5,16,1,,,,,,,,,,,,,,,
30,30.2,0.0,70.7,27,0,,,,,,,,,,,,,,,
42,28.9,1.0,25.7,20,0,,,,,,,,,,,,,,,
38,29.8,1.0,40.4,7,0,,,,,,,,,,,,,,,
23,27.2,1.0,48.9,29,1,,,,,,,,,,,,,,,
45,22.3,1.0,57.8,26,0,,,,,,,,,,,,,,,
45,23.9,1.0,23.7,13,0,,,,,,,,,,,,,,,
29,21.1,1.0,31.2,19,0,,,,,,,,,,,,,,,
29,33.4,0.0,42.1,9,0,,,,,,,,,,,,,,,
37,27.9,1.0,97.7,27,1,,,,,,,,,,,,,,,
28,24.8,0.0,46.5,17,0,,,,,,,,,,,,,,,
43,25.9,0.0,58.6,18,0,,,,,,,,,,,,,,,
40,34.1,1.0,35.7,24,0,,,,,,,,,,,,,,,
45,20.6,0.0,68.9,19,0,,,,,,,,,,,,,,,
42,28.0,1.0,42.5,20,1,,,,,,,,,,,,,,,
24,26.6,0.0,36.6,27,0,,,,,,,,,,,,,,,
18,28.4,1.0,61.3,17,1,,,,,,,,,,,,,,,
18,18.3,0.0,20.4,21,0,,,,,,,,,,,,,,,
42,32.8,1.0,20.6,27,0,,,,,,,,,,,,,,,
44,33.8,1.0,37.5,12,0,,,,,,,,,,,,,,,
42,27.6,1.0,22.9,25,0,,,,,,,,,,,,,,,
37,29.8,1.0,28.6,6,0,,,,,,,,,,,,,,,
30,33.7,0.0,47.1,9,0,,,,,,,,,,,,,,,
26,30.0,1.0,84.2,10,0,,,,,,,,,,,,,,,
20,20.6,0.0,65.8,16,0,,,,,,,,,,,,,,,
24,27.8,0.0,61.0,22,0,,,,,,,,,,,,,,,
23,28.3,0.0,43.5,26,0,,,,,,,,,,,,,,,
25,25.2,1.0,94.5,26,1,,,,,,,,,,,,,,,
44,30.5,0.0,51.8,5,0,,,,,,,,,,,,,,,
26,33.9,0.0,27.0,21,0,,,,,,,,,,,,,,,
22,33.7,0.0,69.4,15,0,,,,,,,,,,,,,,,
18,25.7,1.0,29.1,14,0,,,,,,,,,,,,,,,
36,19.9,1.0,47.6,23,0,,,,,,,,,,,,,,,
27,34.7,0.0,60.6,18,0,,,,,,,,,,,,,,,
29,32.3,1.0,89.9,14,1,,,,,,,,,,,,,,,
41,20.1,1.0,59.5,19,0,,,,,,,,,,,,,,,
32,33.7,0.0,76.2,23,0,,,,,,,,,,,,,,,
44,32.8,0.0,99.4,8,0,,,,,,,,,,,,,,,
39,26.8,1.0,30.5,6,0,,,,,,,,,,,,,,,
41,28.1,0.0,42.0,13,0,,,,,,,,,,,,,,,
26,24.8,1.0,51.6,14,0,,,,,,,,,,,,,,,
37,18.9,1.0,53.7,15,0,,,,,,,,,,,,,,,
34,23.7,1.0,52.9,18,0,,,,,,,,,,,,,,,
34,31.6,1.0,92.6,11,1,,,,,,,,,,,,,,,
43,18.1,1.0,77.1,27,0,,,,,,,,,,,,,,,
37,23.7,1.0,68.6,19,0,,,,,,,,,,,,,,,
29,24.8,0.0,44.7,26,0,,,,,,,,,,,,,,,
24,27.1,0.0,85.9,23,0,,,,,,,,,,,,,,,
19,33.6,1.0,96.4,26,1,,,,,,,,,,,,,,,
20,23.9,1.0,85.7,19,0,,,,,,,,,,,,,,,
34,23.9,1.0,20.1,28,0,,,,,,,,,,,,,,,
22,30.5,0.0,70.9,12,0,,,,,,,,,,,,,,,
34,25.7,1.0,24.1,15,0,,,,,,,,,,,,,,,
41,21.8,0.0,40.6,13,0,,,,,,,,,,,,,,,
34,25.7,1.0,24.8,19,0,,,,,,,,,,,,,,,
44,20.4,1.0,68.3,5,0,,,,,,,,,,,,,,,
34,21.0,0.0,74.9,5,0,,,,,,,,,,,,,,,
19,26.5,0.0,29.2,23,0,,,,,,,,,,,,,,,
19,25.1,1.0,50.7,7,0,,,,,,,,,,,,,,,
45,33.6,1.0,56.5,14,1,,,,,,,,,,,,,,,
39,24.2,1.0,49.5,12,0,,,,,,,,,,,,,,,
40,27.9,0.0,29.7,19,0,,,,,,,,,,,,,,,
22,28.7,0.0,53.5,14,0,,,,,,,,,,,,,,,
18,18.2,0.0,80.1,5,0,,,,,,,,,,,,,,,
18,29.3,0.0,25.7,22,0,,,,,,,,,,,,,,,
36,21.0,0.0,26.4,6,0,,,,,,,,,,,,,,,
19,34.3,0.0,48.4,23,0,,,,,,,,,,,,,,,
38,20.5,1.0,95.3,17,0,,,,,,,,,,,,,,,
29,25.0,1.0,73.5,26,0,,,,,,,,,,,,,,,
43,19.5,0.0,74.3,5,0,,,,,,,,,,,,,,,
23,34.9,1.0,49.0,6,0,,,,,,,,,,,,,,,
40,26.5,1.0,67.5,20,1,,,,,,,,,,,,,,,
21,28.1,0.0,20.8,19,0,,,,,,,,,,,,,,,
40,19.1,1.0,70.9,17,0,,,,,,,,,,,,,,,
28,30.7,0.0,93.1,20,0,,,,,,,,,,,,,,,
41,21.6,0.0,69.0,21,0,,,,,,,,,,,,,,,
44,33.3,1.0,89.9,25,1,,,,,,,,,,,,,,,
34,21.5,0.0,77.9,11,0,,,,,,,,,,,,,,,
23,21.2,0.0,29.6,28,0,,,,,,,,,,,,,,,
41,18.6,0.0,92.2,21,0,,,,,,,,,,,,,,,
22,26.0,0.0,25.3,11,0,,,,,,,,,,,,,,,
37,27.6,0.0,62.7,17,0,,,,,,,,,,,,,,,
19,19.1,0.0,31.4,9,0,,,,,,,,,,,,,,,
23,31.2,0.0,20.9,21,0,,,,,,,,,,,,,,,
39,25.7,0.0,53.8,7,0,,,,,,,,,,,,,,,
28,26.9,1.0,43.6,11,1,,,,,,,,,,,,,,,
33,25.5,1.0,58.9,21,1,,,,,,,,,,,,,,,
33,24.8,1.0,66.2,11,0,,,,,,,,,,,,,,,
18,27.5,0.0,23.5,25,0,,,,,,,,,,,,,,,
26,20.6,0.0,29.8,5,0,,,,,,,,,,,,,,,
45,21.1,1.0,64.7,21,0,,,,,,,,,,,,,,,
44,32.7,1.0,47.5,21,1,,,,,,,,,,,,,,,
23,34.1,1.0,78.3,15,1,,,,,,,,,,,,,,,
33,24.3,0.0,72.2,29,0,,,,,,,,,,,,,,,
20,22.6,1.0,87.6,7,0,,,,,,,,,,,,,,,
37,28.9,1.0,75.4,19,1,,,,,,,,,,,,,,,
45,24.9,0.0,54.4,25,0,,,,,,,,,,,,,,,
44,18.4,1.0,73.8,15,0,,,,,,,,,,,,,,,
21,20.7,0.0,42.0,20,0,,,,,,,,,,,,,,,
36,30.2,0.0,44.5,29,0,,,,,,,,,,,,,,,
43,29.2,0.0,83.1,26,0,,,,,,,,,,,,,,,
20,18.5,1.0,55.7,13,0,,,,,,,,,,,,,,,
36,21.8,1.0,83.9,28,0,,,,,,,,,,,,,,,
37,21.9,0.0,85.8,28,0,,,,,,,,,,,,,,,
24,29.4,1.0,88.6,5,0,,,,,,,,,,,,,,,
37,18.3,1.0,93.3,29,0,,,,,,,,,,,,,,,
26,19.8,1.0,54.5,26,0,,,,,,,,,,,,,,,
18,31.6,1.0,45.5,20,1,,,,,,,,,,,,,,,
25,21.0,0.0,66.6,13,0,,,,,,,,,,,,,,,
24,29.1,1.0,49.7,23,1,,,,,,,,,,,,,,,
35,22.0,0.0,68.1,16,0,,,,,,,,,,,,,,,
25,19.7,0.0,76.4,23,0,,,,,,,,,,,,,,,
18,22.1,1.0,75.1,26,0,,,,,,,,,,,,,,,
28,30.3,0.0,50.0,13,0,,,,,,,,,,,,,,,
45,32.5,1.0,33.3,11,0,,,,,,,,,,,,,,,
42,32.1,1.0,54.4,18,1,,,,,,,,,,,,,,,
42,24.8,0.0,31.4,23,0,,,,,,,,,,,,,,,
35,29.4,0.0,91.2,23,0,,,,,,,,,,,,,,,
40,21.5,0.0,47.7,6,0,,,,,,,,,,,,,,,
27,23.0,0.0,32.4,13,0,,,,,,,,,,,,,,,
20,33.2,1.0,22.0,17,0,,,,,,,,,,,,,,,
24,18.2,1.0,71.7,19,0,,,,,,,,,,,,,,,
45,19.5,1.0,71.0,7,0,,,,,,,,,,,,,,,
33,21.5,0.0,47.2,15,0,,,,,,,,,,,,,,,
43,18.5,0.0,25.7,25,0,,,,,,,,,,,,,,,
33,21.1,0.0,52.8,18,0,,,,,,,,,,,,,,,
42,27.9,1.0,44.9,29,1,,,,,,,,,,,,,,,
37,25.2,0.0,74.2,12,0,,,,,,,,,,,,,,,
45,33.2,1.0,68.5,22,1,,,,,,,,,,,,,,,
34,31.9,0.0,49.2,23,0,,,,,,,,,,,,,,,
19,23.8,1.0,37.4,20,0,,,,,,,,,,,,,,,
18,22.4,1.0,99.0,6,0,,,,,,,,,,,,,,,
33,24.5,0.0,56.3,12,0,,,,,,,,,,,,,,,
29,28.0,0.0,75.1,26,0,,,,,,,,,,,,,,,
22,22.6,1.0,31.2,10,0,,,,,,,,,,,,,,,
22,28.6,1.0,58.8,16,1,,,,,,,,,,,,,,,
44,25.0,0.0,22.2,19,0,,,,,,,,,,,,,,,
40,27.4,0.0,60.4,29,0,,,,,,,,,,,,,,,
26,25.4,1.0,97.1,12,1,,,,,,,,,,,,,,,
26,23.0,0.0,50.7,8,0,,,,,,,,,,,,,,,
20,34.1,1.0,23.1,19,0,,,,,,,,,,,,,,,
36,31.0,1.0,22.5,24,0,,,,,,,,,,,,,,,
33,20.4,0.0,51.0,29,0,,,,,,,,,,,,,,,
33,32.8,0.0,32.8,21,0,,,,,,,,,,,,,,,
20,26.3,0.0,21.9,17,0,,,,,,,,,,,,,,,
37,33.2,0.0,80.5,22,0,,,,,,,,,,,,,,,
41,31.6,0.0,56.7,6,0,,,,,,,,,,,,,,,
39,25.2,1.0,43.1,17,1,,,,,,,,,,,,,,,
41,18.4,1.0,92.0,17,0,,,,,,,,,,,,,,,
18,22.6,0.0,29.3,26,0,,,,,,,,,,,,,,,
41,27.2,0.0,96.5,19,0,,,,,,,,,,,,,,,
37,28.8,0.0,45.1,24,0,,,,,,,,,,,,,,,
28,22.4,1.0,91.1,14,0,,,,,,,,,,,,,,,
34,20.4,0.0,68.2,7,0,,,,,,,,,,,,,,,
25,32.2,0.0,86.1,23,0,,,,,,,,,,,,,,,
21,34.7,1.0,98.7,7,0,,,,,,,,,,,,,,,
23,26.9,1.0,43.1,26,1,,,,,,,,,,,,,,,
25,20.9,0.0,96.9,18,0,,,,,,,,,,,,,,,
37,22.6,0.0,51.2,12,0,,,,,,,,,,,,,,,
20,18.3,0.0,50.8,27,0,,,,,,,,,,,,,,,
33,33.5,1.0,47.2,8,0,,,,,,,,,,,,,,,
42,20.0,0.0,63.3,24,0,,,,,,,,,,,,,,,
20,27.8,0.0,32.3,15,0,,,,,,,,,,,,,,,
42,22.7,0.0,64.3,15,0,,,,,,,,,,,,,,,
35,27.4,1.0,63.3,15,1,,,,,,,,,,,,,,,
31,29.1,1.0,81.0,6,0,,,,,,,,,,,,,,,
35,32.1,0.0,86.7,21,0,,,,,,,,,,,,,,,
19,21.5,0.0,55.2,13,0,,,,,,,,,,,,,,,
39,18.2,1.0,44.2,6,0,,,,,,,,,,,,,,,
20,20.3,1.0,40.7,28,0,,,,,,,,,,,,,,,
33,33.3,1.0,35.6,19,0,,,,,,,,,,,,,,,
26,32.9,1.0,24.6,20,0,,,,,,,,,,,,,,,
21,28.2,1.0,47.4,29,1,,,,,,,,,,,,,,,
18,28.2,1.0,41.6,8,0,,,,,,,,,,,,,,,
21,29.3,1.0,97.3,12,1,,,,,,,,,,,,,,,
18,21.0,1.0,64.6,13,0,,,,,,,,,,,,,,,
31,33.5,1.0,47.8,9,0,,,,,,,,,,,,,,,
38,25.1,0.0,66.4,20,0,,,,,,,,,,,,,,,
33,24.5,0.0,31.1,17,0,,,,,,,,,,,,,,,
37,26.8,0.0,55.5,11,0,,,,,,,,,,,,,,,
41,18.8,1.0,70.1,24,0,,,,,,,,,,,,,,,
25,20.8,0.0,59.1,21,0,,,,,,,,,,,,,,,
24,30.5,1.0,52.1,7,0,,,,,,,,,,,,,,,
20,19.4,1.0,99.5,9,0,,,,,,,,,,,,,,,
34,28.3,0.0,90.4,23,0,,,,,,,,,,,,,,,
18,22.2,1.0,69.9,16,0,,,,,,,,,,,,,,,
33,24.6,0.0,65.6,11,0,,,,,,,,,,,,,,,
29,22.9,0.0,69.7,13,0,,,,,,,,,,,,,,,
44,24.0,0.0,36.1,10,0,,,,,,,,,,,,,,,
36,30.2,1.0,51.6,21,1,,,,,,,,,,,,,,,
39,23.1,0.0,23.2,20,0,,,,,,,,,,,,,,,
40,27.6,1.0,58.0,27,1,,,,,,,,,,,,,,,
39,26.1,0.0,63.4,7,0,,,,,,,,,,,,,,,
31,29.3,0.0,38.2,25,0,,,,,,,,,,,,,,,
23,33.9,0.0,97.1,8,0,,,,,,,,,,,,,,,
23,30.5,1.0,92.8,14,1,,,,,,,,,,,,,,,
30,21.7,1.0,77.8,9,0,,,,,,,,,,,,,,,
36,18.5,1.0,62.7,25,0,,,,,,,,,,,,,,,
39,22.5,0.0,89.6,26,0,,,,,,,,,,,,,,,
25,28.1,0.0,30.5,14,0,,,,,,,,,,,,,,,
44,18.9,1.0,83.2,16,0,,,,,,,,,,,,,,,
44,26.4,1.0,30.0,14,0,,,,,,,,,,,,,,,
19,28.1,1.0,83.5,17,1,,,,,,,,,,,,,,,
38,23.7,1.0,42.1,15,0,,,,,,,,,,,,,,,
18,31.1,1.0,90.2,26,1,,,,,,,,,,,,,,,
45,19.8,1.0,95.5,20,0,,,,,,,,,,,,,,,
32,19.3,0.0,31.9,12,0,,,,,,,,,,,,,,,
18,30.4,1.0,57.0,12,1,,,,,,,,,,,,,,,
22,26.4,0.0,98.5,29,0,,,,,,,,,,,,,,,
45,29.7,0.0,58.7,12,0,,,,,,,,,,,,,,,
33,25.4,1.0,89.1,17,1,,,,,,,,,,,,,,,
36,22.2,1.0,67.1,6,0,,,,,,,,,,,,,,,
21,31.9,0.0,50.0,16,0,,,,,,,,,,,,,,,
20,31.6,1.0,42.9,14,1,,,,,,,,,,,,,,,
34,29.8,1.0,36.3,16,0,,,,,,,,,,,,,,,
34,22.6,0.0,80.9,15,0,,,,,,,,,,,,,,,
29,28.0,0.0,50.9,19,0,,,,,,,,,,,,,,,
45,24.1,0.0,60.9,20,0,,,,,,,,,,,,,,,
31,19.6,1.0,59.4,21,0,,,,,,,,,,,,,,,
38,33.6,0.0,66.2,6,0,,,,,,,,,,,,,,,
23,20.3,1.0,89.2,22,0,,,,,,,,,,,,,,,
20,34.2,0.0,98.5,16,0,,,,,,,,,,,,,,,
45,25.6,0.0,52.6,23,0,,,,,,,,,,,,,,,
26,21.1,0.0,86.2,27,0,,,,,,,,,,,,,,,
22,27.2,1.0,81.2,22,1,,,,,,,,,,,,,,,
41,32.8,1.0,65.9,21,1,,,,,,,,,,,,,,,
34,30.4,0.0,96.5,10,0,,,,,,,,,,,,,,,
31,31.7,0.0,36.0,29,0,,,,,,,,,,,,,,,
38,29.2,0.0,28.7,19,0,,,,,,,,,,,,,,,
20,29.8,1.0,88.3,7,0,,,,,,,,,,,,,,,
45,32.4,0.0,55.1,10,0,,,,,,,,,,,,,,,
18,22.2,1.0,87.8,7,0,,,,,,,,,,,,,,,
37,26.3,0.0,91.4,5,0,,,,,,,,,,,,,,,
38,21.8,0.0,25.0,17,0,,,,,,,,,,,,,,,
40,34.8,0.0,90.7,25,0,,,,,,,,,,,,,,,
18,34.0,0.0,55.9,18,0,,,,,,,,,,,,,,,
20,18.7,0.0,60.8,17,0,,,,,,,,,,,,,,,
35,30.0,0.0,70.1,8,0,,,,,,,,,,,,,,,
42,33.7,1.0,94.1,11,1,,,,,,,,,,,,,,,
27,21.1,0.0,21.5,26,0,,,,,,,,,,,,,,,
39,27.7,1.0,58.1,14,1,,,,,,,,,,,,,,,
43,33.6,0.0,75.0,11,0,,,,,,,,,,,,,,,
20,18.6,0.0,77.8,25,0,,,,,,,,,,,,,,,
25,29.9,1.0,75.4,19,1,,,,,,,,,,,,,,,
31,23.1,0.0,30.8,19,0,,,,,,,,,,,,,,,
41,33.7,1.0,44.0,8,0,,,,,,,,,,,,,,,
35,34.5,1.0,48.7,27,1,,,,,,,,,,,,,,,
32,34.1,0.0,84.4,27,0,,,,,,,,,,,,,,,
39,26.1,1.0,42.3,10,0,,,,,,,,,,,,,,,
40,32.7,1.0,36.9,28,0,,,,,,,,,,,,,,,
19,32.4,0.0,96.6,24,0,,,,,,,,,,,,,,,
44,23.4,1.0,20.7,9,0,,,,,,,,,,,,,,,
27,32.1,0.0,99.8,24,0,,,,,,,,,,,,,,,
19,18.6,0.0,74.1,16,0,,,,,,,,,,,,,,,
43,28.1,0.0,86.3,5,0,,,,,,,,,,,,,,,
34,21.9,0.0,43.6,12,0,,,,,,,,,,,,,,,
25,20.0,1.0,21.1,5,0,,,,,,,,,,,,,,,
18,19.3,0.0,79.0,9,0,,,,,,,,,,,,,,,
26,29.8,0.0,86.7,26,0,,,,,,,,,,,,,,,
28,23.8,1.0,79.2,10,0,,,,,,,,,,,,,,,
39,30.3,0.0,31.4,25,0,,,,,,,,,,,,,,,
33,19.1,0.0,80.3,7,0,,,,,,,,,,,,,,,
24,23.4,1.0,81.5,19,0,,,,,,,,,,,,,,,
27,27.2,1.0,72.7,9,0,,,,,,,,,,,,,,,
40,31.4,1.0,81.3,28,1,,,,,,,,,,,,,,,
43,23.4,1.0,87.7,18,0,,,,,,,,,,,,,,,
20,28.6,1.0,69.1,22,1,,,,,,,,,,,,,,,
35,33.1,1.0,27.1,20,0,,,,,,,,,,,,,,,
42,28.5,1.0,59.0,10,0,,,,,,,,,,,,,,,
41,22.0,0.0,26.2,29,0,,,,,,,,,,,,,,,
30,18.4,1.0,52.6,28,0,,,,,,,,,,,,,,,
45,32.8,1.0,52.6,18,1,,,,,,,,,,,,,,,
43,18.4,1.0,25.3,28,0,,,,,,,,,,,,,,,
24,32.9,0.0,47.9,12,0,,,,,,,,,,,,,,,
42,27.0,0.0,28.9,11,0,,,,,,,,,,,,,,,
21,34.0,1.0,84.7,12,1,,,,,,,,,,,,,,,
30,31.6,1.0,95.8,17,1,,,,,,,,,,,,,,,
37,35.0,1.0,25.8,10,0,,,,,,,,,,,,,,,
18,24.0,0.0,96.4,22,0,,,,,,,,,,,,,,,
25,31.0,0.0,61.8,6,0,,,,,,,,,,,,,,,
31,24.8,1.0,44.0,12,0,,,,,,,,,,,,,,,
33,26.2,0.0,26.1,15,0,,,,,,,,,,,,,,,
31,28.7,1.0,60.0,5,0,,,,,,,,,,,,,,,
29,32.9,0.0,83.6,26,0,,,,,,,,,,,,,,,
36,34.7,0.0,76.6,10,0,,,,,,,,,,,,,,,
40,31.1,1.0,24.0,20,0,,,,,,,,,,,,,,,
32,25.1,1.0,25.8,24,0,,,,,,,,,,,,,,,
45,25.2,1.0,52.2,16,1,,,,,,,,,,,,,,,
19,30.5,1.0,43.6,15,1,,,,,,,,,,,,,,,
19,22.1,0.0,38.6,14,0,,,,,,,,,,,,,,,
40,19.9,0.0,42.5,7,0,,,,,,,,,,,,,,,
39,24.0,0.0,84.3,17,0,,,,,,,,,,,,,,,
36,22.9,1.0,94.3,7,0,,,,,,,,,,,,,,,
42,23.0,0.0,52.4,19,0,,,,,,,,,,,,,,,
43,22.0,1.0,92.5,20,0,,,,,,,,,,,,,,,
39,18.7,0.0,45.7,17,0,,,,,,,,,,,,,,,
43,18.3,1.0,58.1,21,0,,,,,,,,,,,,,,,
43,34.8,1.0,38.1,7,0,,,,,,,,,,,,,,,
39,25.3,0.0,71.2,24,0,,,,,,,,,,,,,,,
34,24.5,1.0,98.3,15,0,,,,,,,,,,,,,,,
37,29.6,1.0,68.3,25,1,,,,,,,,,,,,,,,
27,21.7,0.0,48.6,23,0,,,,,,,,,,,,,,,
23,34.1,1.0,71.8,26,1,,,,,,,,,,,,,,,
32,31.4,1.0,29.8,15,0,,,,,,,,,,,,,,,
39,19.5,1.0,91.1,20,0,,,,,,,,,,,,,,,
28,25.1,0.0,60.2,25,0,,,,,,,,,,,,,,,
45,32.9,0.0,55.9,7,0,,,,,,,,,,,,,,,
22,34.1,1.0,66.9,26,1,,,,,,,,,,,,,,,
18,25.9,0.0,70.0,10,0,,,,,,,,,,,,,,,
25,28.4,1.0,25.7,18,0,,,,,,,,,,,,,,,
38,20.8,1.0,74.6,28,0,,,,,,,,,,,,,,,
45,34.8,1.0,39.4,22,0,,,,,,,,,,,,,,,
29,21.9,1.0,77.1,21,0,,,,,,,,,,,,,,,
29,34.0,1.0,85.8,8,0,,,,,,,,,,,,,,,
22,29.0,0.0,84.3,27,0,,,,,,,,,,,,,,,
24,28.3,1.0,64.2,19,1,,,,,,,,,,,,,,,
21,26.7,0.0,61.6,15,0,,,,,,,,,,,,,,,
23,21.9,0.0,31.4,7,0,,,,,,,,,,,,,,,
30,21.0,1.0,82.0,7,0,,,,,,,,,,,,,,,
37,21.7,1.0,41.7,20,0,,,,,,,,,,,,,,,
32,21.2,0.0,59.7,9,0,,,,,,,,,,,,,,,
20,31.3,0.0,42.7,25,0,,,,,,,,,,,,,,,
40,24.0,0.0,30.7,14,0,,,,,,,,,,,,,,,
25,19.0,1.0,70.4,23,0,,,,,,,,,,,,,,,
37,34.5,0.0,24.3,29,0,,,,,,,,,,,,,,,
33,33.0,1.0,79.9,8,0,,,,,,,,,,,,,,,
30,33.8,1.0,45.4,23,1,,,,,,,,,,,,,,,
35,34.9,1.0,20.0,15,0,,,,,,,,,,,,,,,
45,21.0,0.0,60.9,6,0,,,,,,,,,,,,,,,
27,24.7,1.0,23.7,14,0,,,,,,,,,,,,,,,
36,30.9,1.0,42.1,15,1,,,,,,,,,,,,,,,
34,29.8,1.0,76.6,29,1,,,,,,,,,,,,,,,
41,20.6,1.0,25.0,24,0,,,,,,,,,,,,,,,
36,31.9,1.0,87.1,20,1,,,,,,,,,,,,,,,
45,21.8,0.0,20.3,23,0,,,,,,,,,,,,,,,
43,21.8,1.0,39.7,27,0,,,,,,,,,,,,,,,
40,27.1,1.0,79.3,28,1,,,,,,,,,,,,,,,
43,28.1,0.0,45.3,15,0,,,,,,,,,,,,,,,
22,27.9,1.0,28.2,18,0,,,,,,,,,,,,,,,
43,19.6,0.0,48.8,6,0,,,,,,,,,,,,,,,
38,32.9,1.0,41.6,27,1,,,,,,,,,,,,,,,
40,22.5,0.0,87.4,9,0,,,,,,,,,,,,,,,
26,20.2,0.0,45.1,9,0,,,,,,,,,,,,,,,
29,33.1,1.0,83.1,23,1,,,,,,,,,,,,,,,
38,34.2,1.0,91.3,25,1,,,,,,,,,,,,,,,
18,32.7,1.0,54.7,16,1,,,,,,,,,,,,,,,
43,31.8,0.0,92.8,22,0,,,,,,,,,,,,,,,
43,29.1,0.0,50.2,8,0,,,,,,,,,,,,,,,
18,27.4,0.0,97.1,26,0,,,,,,,,,,,,,,,
32,19.5,1.0,27.1,21,0,,,,,,,,,,,,,,,
19,24.9,0.0,75.0,14,0,,,,,,,,,,,,,,,
39,24.3,0.0,59.5,24,0,,,,,,,,,,,,,,,
33,22.4,1.0,51.0,10,0,,,,,,,,,,,,,,,
42,30.3,0.0,70.6,29,0,,,,,,,,,,,,,,,
25,26.4,0.0,76.3,18,0,,,,,,,,,,,,,,,
30,19.4,1.0,20.3,15,0,,,,,,,,,,,,,,,
38,21.7,0.0,33.4,15,0,,,,,,,,,,,,,,,
18,29.6,1.0,77.0,22,1,,,,,,,,,,,,,,,
33,19.3,1.0,73.3,27,0,,,,,,,,,,,,,,,
24,32.5,1.0,97.3,26,1,,,,,,,,,,,,,,,
22,26.4,1.0,80.9,22,1,,,,,,,,,,,,,,,
39,26.2,1.0,96.1,28,1,,,,,,,,,,,,,,,
40,28.1,0.0,76.2,27,0,,,,,,,,,,,,,,,
20,32.0,0.0,43.8,15,0,,,,,,,,,,,,,,,
29,23.9,1.0,28.4,25,0,,,,,,,,,,,,,,,
43,29.5,1.0,82.5,16,1,,,,,,,,,,,,,,,
33,27.6,0.0,71.5,9,0,,,,,,,,,,,,,,,
36,22.5,1.0,23.9,27,0,,,,,,,,,,,,,,,
22,32.9,1.0,48.8,13,1,,,,,,,,,,,,,,,
39,31.6,1.0,96.5,29,1,,,,,,,,,,,,,,,
42,29.2,0.0,60.0,13,0,,,,,,,,,,,,,,,
31,32.5,0.0,54.6,26,0,,,,,,,,,,,,,,,
45,32.7,1.0,56.6,14,1,,,,,,,,,,,,,,,
22,30.0,1.0,36.7,26,0,,,,,,,,,,,,,,,
32,32.2,0.0,49.5,23,0,,,,,,,,,,,,,,,
34,29.9,0.0,49.6,5,0,,,,,,,,,,,,,,,
31,29.6,1.0,24.2,11,0,,,,,,,,,,,,,,,
37,28.5,1.0,81.4,8,0,,,,,,,,,,,,,,,
22,30.8,0.0,53.3,5,0,,,,,,,,,,,,,,,
29,20.7,0.0,85.8,19,0,,,,,,,,,,,,,,,
33,33.0,0.0,88.0,12,0,,,,,,,,,,,,,,,
43,32.8,1.0,37.0,16,0,,,,,,,,,,,,,,,
43,18.5,0.0,72.6,26,0,,,,,,,,,,,,,,,
33,32.0,1.0,57.8,26,1,,,,,,,,,,,,,,,
38,20.2,0.0,90.4,22,0,,,,,,,,,,,,,,,
24,23.7,0.0,37.3,19,0,,,,,,,,,,,,,,,
21,30.6,0.0,74.2,21,0,,,,,,,,,,,,,,,
18,20.7,0.0,68.6,18,0,,,,,,,,,,,,,,,
22,31.9,1.0,43.6,18,1,,,,,,,,,,,,,,,
40,32.1,1.0,30.9,22,0,,,,,,,,,,,,,,,
43,26.6,0.0,72.1,24,0,,,,,,,,,,,,,,,
27,18.1,1.0,79.1,22,0,,,,,,,,,,,,,,,
39,22.9,0.0,45.3,20,0,,,,,,,,,,,,,,,
22,28.5,0.0,71.6,5,0,,,,,,,,,,,,,,,
21,34.7,0.0,51.6,27,0,,,,,,,,,,,,,,,
19,28.7,0.0,77.1,15,0,,,,,,,,,,,,,,,
37,22.4,1.0,35.9,19,0,,,,,,,,,,,,,,,
27,28.8,0.0,91.2,16,0,,,,,,,,,,,,,,,
43,27.2,0.0,43.0,12,0,,,,,,,,,,,,,,,
36,31.3,1.0,49.4,26,1,,,,,,,,,,,,,,,
43,19.8,0.0,24.6,24,0,,,,,,,,,,,,,,,
18,30.9,0.0,28.9,10,0,,,,,,,,,,,,,,,
41,27.2,0.0,61.3,7,0,,,,,,,,,,,,,,,
22,34.4,1.0,41.4,28,1,,,,,,,,,,,,,,,
30,23.8,0.0,86.8,17,0,,,,,,,,,,,,,,,
21,28.8,1.0,21.2,17,0,,,,,,,,,,,,,,,
33,33.8,0.0,50.3,6,0,,,,,,,,,,,,,,,
41,19.7,0.0,47.0,9,0,,,,,,,,,,,,,,,
33,33.9,1.0,21.5,21,0,,,,,,,,,,,,,,,
40,29.7,0.0,29.9,10,0,,,,,,,,,,,,,,,
19,19.2,0.0,53.1,6,0,,,,,,,,,,,,,,,
34,23.1,1.0,59.4,8,0,,,,,,,,,,,,,,,
45,30.0,1.0,52.3,26,1,,,,,,,,,,,,,,,
44,19.1,1.0,62.5,15,0,,,,,,,,,,,,,,,
37,27.9,1.0,67.6,12,1,,,,,,,,,,,,,,,
41,23.9,1.0,20.8,16,0,,,,,,,,,,,,,,,
29,28.6,0.0,57.1,12,0,,,,,,,,,,,,,,,
35,18.8,1.0,97.1,15,0,,,,,,,,,,,,,,,
20,32.8,0.0,61.5,26,0,,,,,,,,,,,,,,,
45,34.5,0.0,74.2,24,0,,,,,,,,,,,,,,,
18,34.5,0.0,44.9,12,0,,,,,,,,,,,,,,,
18,30.7,1.0,81.9,12,1,,,,,,,,,,,,,,,
36,20.2,1.0,81.8,21,0,,,,,,,,,,,,,,,
28,30.9,0.0,61.7,24,0,,,,,,,,,,,,,,,
22,18.4,1.0,98.1,24,0,,,,,,,,,,,,,,,
29,18.4,1.0,30.0,27,0,,,,,,,,,,,,,,,
20,23.5,1.0,21.4,20,0,,,,,,,,,,,,,,,
18,26.3,1.0,81.6,18,1,,,,,,,,,,,,,,,
18,31.1,0.0,84.6,15,0,,,,,,,,,,,,,,,
25,29.6,0.0,29.6,11,0,,,,,,,,,,,,,,,
27,25.6,1.0,41.2,20,1,,,,,,,,,,,,,,,
28,22.7,0.0,21.4,17,0,,,,,,,,,,,,,,,
29,35.0,1.0,43.5,19,1,,,,,,,,,,,,,,,
30,25.2,1.0,81.9,28,1,,,,,,,,,,,,,,,
29,25.7,0.0,61.4,20,0,,,,,,,,,,,,,,,
31,20.8,0.0,47.8,25,0,,,,,,,,,,,,,,,
19,31.5,0.0,49.7,27,0,,,,,,,,,,,,,,,
36,29.8,1.0,20.1,28,0,,,,,,,,,,,,,,,
35,21.8,0.0,44.0,13,0,,,,,,,,,,,,,,,
20,19.4,1.0,71.7,7,0,,,,,,,,,,,,,,,
40,29.6,0.0,97.9,23,0,,,,,,,,,,,,,,,
34,29.1,0.0,87.8,24,0,,,,,,,,,,,,,,,
43,22.6,1.0,21.9,9,0,,,,,,,,,,,,,,,
25,34.2,1.0,91.9,14,1,,,,,,,,,,,,,,,
43,20.6,1.0,82.7,21,0,,,,,,,,,,,,,,,
27,25.3,1.0,82.4,19,1,,,,,,,,,,,,,,,
43,34.0,1.0,56.6,27,1,,,,,,,,,,,,,,,
19,25.1,1.0,51.8,29,1,,,,,,,,,,,,,,,
36,28.9,1.0,44.2,12,1,,,,,,,,,,,,,,,
26,24.8,1.0,25.3,19,0,,,,,,,,,,,,,,,
24,22.7,0.0,38.3,25,0,,,,,,,,,,,,,,,
21,34.7,1.0,39.7,18,0,,,,,,,,,,,,,,,
43,25.0,1.0,58.7,24,0,,,,,,,,,,,,,,,
38,33.2,0.0,79.8,11,0,,,,,,,,,,,,,,,
35,21.9,1.0,57.9,25,0,,,,,,,,,,,,,,,
30,21.6,0.0,24.6,27,0,,,,,,,,,,,,,,,
28,18.5,0.0,96.6,16,0,,,,,,,,,,,,,,,
41,29.1,1.0,95.4,21,1,,,,,,,,,,,,,,,
21,24.3,0.0,82.8,21,0,,,,,,,,,,,,,,,
42,32.7,1.0,99.3,14,1,,,,,,,,,,,,,,,
38,26.0,0.0,63.6,23,0,,,,,,,,,,,,,,,
42,34.5,0.0,97.0,18,0,,,,,,,,,,,,,,,
21,21.2,0.0,26.0,15,0,,,,,,,,,,,,,,,
27,32.8,1.0,49.3,6,0,,,,,,,,,,,,,,,
22,31.2,1.0,38.0,22,0,,,,,,,,,,,,,,,
26,31.1,0.0,35.7,11,0,,,,,,,,,,,,,,,
41,32.4,0.0,31.3,16,0,,,,,,,,,,,,,,,
20,30.9,1.0,69.8,6,0,,,,,,,,,,,,,,,
34,28.6,1.0,82.5,24,1,,,,,,,,,,,,,,,
20,20.2,0.0,66.3,22,0,,,,,,,,,,,,,,,
33,18.6,0.0,31.8,10,0,,,,,,,,,,,,,,,
21,33.7,1.0,84.9,28,1,,,,,,,,,,,,,,,
35,28.5,1.0,70.9,14,1,,,,,,,,,,,,,,,
34,31.5,1.0,51.1,24,1,,,,,,,,,,,,,,,
24,26.2,1.0,73.9,19,1,,,,,,,,,,,,,,,
41,20.0,1.0,40.8,9,0,,,,,,,,,,,,,,,
40,20.1,0.0,47.6,24,0,,,,,,,,,,,,,,,
22,29.7,1.0,93.4,7,0,,,,,,,,,,,,,,,
29,25.3,0.0,43.2,9,0,,,,,,,,,,,,,,,
34,21.4,1.0,57.6,29,0,,,,,,,,,,,,,,,
40,26.4,0.0,91.2,12,0,,,,,,,,,,,,,,,
30,19.1,1.0,76.6,12,0,,,,,,,,,,,,,,,
40,27.9,1.0,25.0,12,0,,,,,,,,,,,,,,,
42,22.6,0.0,31.8,16,0,,,,,,,,,,,,,,,
20,31.6,0.0,20.6,28,0,,,,,,,,,,,,,,,
26,23.3,1.0,70.5,27,0,,,,,,,,,,,,,,,
34,25.7,1.0,55.8,12,1,,,,,,,,,,,,,,,
34,18.2,1.0,30.7,15,0,,,,,,,,,,,,,,,
37,19.2,1.0,96.6,18,0,,,,,,,,,,,,,,,
33,24.7,1.0,62.4,12,0,,,,,,,,,,,,,,,
42,26.2,0.0,39.4,28,0,,,,,,,,,,,,,,,
39,28.2,0.0,60.0,14,0,,,,,,,,,,,,,,,
30,23.0,1.0,74.4,11,0,,,,,,,,,,,,,,,
44,29.8,0.0,26.1,21,0,,,,,,,,,,,,,,,
36,32.6,0.0,42.0,8,0,,,,,,,,,,,,,,,
34,31.3,0.0,84.6,17,0,,,,,,,,,,,,,,,
21,18.7,1.0,56.8,8,0,,,,,,,,,,,,,,,
29,26.2,0.0,63.7,9,0,,,,,,,,,,,,,,,
26,19.8,1.0,54.6,26,0,,,,,,,,,,,,,,,
36,22.1,0.0,23.5,8,0,,,,,,,,,,,,,,,
29,34.8,1.0,33.3,22,0,,,,,,,,,,,,,,,
26,20.4,0.0,55.6,10,0,,,,,,,,,,,,,,,
24,26.5,1.0,36.7,28,0,,,,,,,,,,,,,,,
45,28.5,1.0,24.0,28,0,,,,,,,,,,,,,,,
31,29.9,0.0,87.5,27,0,,,,,,,,,,,,,,,
37,27.5,1.0,98.5,26,1,,,,,,,,,,,,,,,
36,18.2,1.0,83.5,6,0,,,,,,,,,,,,,,,
43,23.5,1.0,88.3,27,0,,,,,,,,,,,,,,,
32,26.8,1.0,39.4,15,0,,,,,,,,,,,,,,,
33,19.5,1.0,96.9,18,0,,,,,,,,,,,,,,,
38,24.0,1.0,35.8,9,0,,,,,,,,,,,,,,,
22,18.6,1.0,96.1,10,0,,,,,,,,,,,,,,,
20,19.3,1.0,99.6,14,0,,,,,,,,,,,,,,,
29,24.7,0.0,76.9,12,0,,,,,,,,,,,,,,,
42,20.3,0.0,98.5,18,0,,,,,,,,,,,,,,,
37,27.6,1.0,65.6,28,1,,,,,,,,,,,,,,,
44,29.7,1.0,40.8,7,0,,,,,,,,,,,,,,,
38,31.6,0.0,55.0,16,0,,,,,,,,,,,,,,,
21,21.4,0.0,67.5,20,0,,,,,,,,,,,,,,,
38,20.8,0.0,25.8,27,0,,,,,,,,,,,,,,,
40,19.8,1.0,69.8,21,0,,,,,,,,,,,,,,,
33,28.8,0.0,98.5,5,0,,,,,,,,,,,,,,,
42,30.0,1.0,35.2,27,0,,,,,,,,,,,,,,,
24,18.5,1.0,83.4,14,0,,,,,,,,,,,,,,,
30,33.9,0.0,92.6,29,0,,,,,,,,,,,,,,,
38,18.9,1.0,95.5,27,0,,,,,,,,,,,,,,,
27,27.2,1.0,96.8,14,1,,,,,,,,,,,,,,,
43,30.1,1.0,61.7,25,1,,,,,,,,,,,,,,,
24,32.8,1.0,98.2,28,1,,,,,,,,,,,,,,,
31,30.1,0.0,80.6,6,0,,,,,,,,,,,,,,,
43,31.6,0.0,32.9,13,0,,,,,,,,,,,,,,,
22,23.8,1.0,58.2,26,0,,,,,,,,,,,,,,,
20,31.9,1.0,77.5,17,1,,,,,,,,,,,,,,,
40,19.4,0.0,39.8,29,0,,,,,,,,,,,,,,,
28,33.2,1.0,71.2,20,1,,,,,,,,,,,,,,,
28,27.3,0.0,73.3,22,0,,,,,,,,,,,,,,,
35,31.9,1.0,33.0,23,0,,,,,,,,,,,,,,,
32,25.7,1.0,65.2,16,1,,,,,,,,,,,,,,,
29,28.9,0.0,81.7,12,0,,,,,,,,,,,,,,,
26,26.9,0.0,59.9,21,0,,,,,,,,,,,,,,,
27,30.4,0.0,21.0,19,0,,,,,,,,,,,,,,,
43,19.4,0.0,20.7,14,0,,,,,,,,,,,,,,,
29,19.0,1.0,48.6,19,0,,,,,,,,,,,,,,,
34,22.2,0.0,94.1,19,0,,,,,,,,,,,,,,,
23,20.7,1.0,38.3,27,0,,,,,,,,,,,,,,,
24,32.8,0.0,70.7,11,0,,,,,,,,,,,,,,,
31,21.7,0.0,37.8,17,0,,,,,,,,,,,,,,,
30,34.6,1.0,45.7,21,1,,,,,,,,,,,,,,,
25,23.7,0.0,87.8,13,0,,,,,,,,,,,,,,,
27,21.1,0.0,78.3,12,0,,,,,,,,,,,,,,,
26,31.4,0.0,27.6,24,0,,,,,,,,,,,,,,,
35,29.2,0.0,54.3,25,0,,,,,,,,,,,,,,,
44,26.5,1.0,22.3,22,0,,,,,,,,,,,,,,,
43,27.4,1.0,58.5,17,1,,,,,,,,,,,,,,,
19,30.2,0.0,73.0,20,0,,,,,,,,,,,,,,,
22,21.9,0.0,29.5,13,0,,,,,,,,,,,,,,,
22,34.9,0.0,43.1,16,0,,,,,,,,,,,,,,,
23,34.6,1.0,51.8,16,1,,,,,,,,,,,,,,,
36,29.1,1.0,93.6,10,0,,,,,,,,,,,,,,,
25,21.4,1.0,99.5,23,0,,,,,,,,,,,,,,,
33,29.6,1.0,23.6,11,0,,,,,,,,,,,,,,,
30,19.2,0.0,80.9,29,0,,,,,,,,,,,,,,,
18,18.5,0.0,49.7,7,0,,,,,,,,,,,,,,,
39,22.4,0.0,51.4,20,0,,,,,,,,,,,,,,,
37,25.9,1.0,80.3,22,1,,,,,,,,,,,,,,,
34,32.8,0.0,93.5,20,0,,,,,,,,,,,,,,,
24,30.4,1.0,96.1,27,1,,,,,,,,,,,,,,,
42,30.6,1.0,66.2,11,1,,,,,,,,,,,,,,,
30,25.2,0.0,48.6,8,0,,,,,,,,,,,,,,,
21,23.9,0.0,83.0,29,0,,,,,,,,,,,,,,,
21,24.3,0.0,40.1,12,0,,,,,,,,,,,,,,,
23,34.8,1.0,65.1,17,1,,,,,,,,,,,,,,,
45,18.7,1.0,48.7,17,0,,,,,,,,,,,,,,,
36,32.7,0.0,72.5,21,0,,,,,,,,,,,,,,,
29,27.8,0.0,39.2,21,0,,,,,,,,,,,,,,,
39,25.5,1.0,35.3,9,0,,,,,,,,,,,,,,,
24,30.3,0.0,93.5,10,0,,,,,,,,,,,,,,,
44,26.3,1.0,28.1,23,0,,,,,,,,,,,,,,,
27,32.8,1.0,60.5,17,1,,,,,,,,,,,,,,,
43,33.3,0.0,37.7,29,0,,,,,,,,,,,,,,,
36,25.2,0.0,23.1,18,0,,,,,,,,,,,,,,,
24,22.7,0.0,22.9,26,0,,,,,,,,,,,,,,,
20,28.1,0.0,34.0,8,0,,,,,,,,,,,,,,,
30,33.5,1.0,89.3,11,1,,,,,,,,,,,,,,,
30,21.6,1.0,42.6,12,0,,,,,,,,,,,,,,,
35,28.6,1.0,96.0,29,1,,,,,,,,,,,,,,,
45,28.7,0.0,66.5,17,0,,,,,,,,,,,,,,,
43,30.5,1.0,54.9,10,0,,,,,,,,,,,,,,,
37,20.2,0.0,66.4,10,0,,,,,,,,,,,,,,,
45,30.2,0.0,61.3,28,0,,,,,,,,,,,,,,,
25,33.5,0.0,80.7,25,0,,,,,,,,,,,,,,,
26,21.1,0.0,42.6,7,0,,,,,,,,,,,,,,,
24,22.0,0.0,48.2,7,0,,,,,,,,,,,,,,,
18,34.5,0.0,91.5,17,0,,,,,,,,,,,,,,,
20,21.1,1.0,95.7,26,0,,,,,,,,,,,,,,,
30,32.5,0.0,91.4,6,0,,,,,,,,,,,,,,,
45,26.4,1.0,53.6,20,1,,,,,,,,,,,,,,,
42,22.2,1.0,82.4,26,0,,,,,,,,,,,,,,,
45,32.8,0.0,58.1,10,0,,,,,,,,,,,,,,,
34,25.6,0.0,59.8,12,0,,,,,,,,,,,,,,,
42,26.8,0.0,36.4,27,0,,,,,,,,,,,,,,,
41,24.1,1.0,67.3,12,0,,,,,,,,,,,,,,,
18,28.1,0.0,34.9,29,0,,,,,,,,,,,,,,,
23,20.8,1.0,46.5,10,0,,,,,,,,,,,,,,,
38,24.6,0.0,88.4,18,0,,,,,,,,,,,,,,,
23,34.5,0.0,36.6,7,0,,,,,,,,,,,,,,,
43,22.4,1.0,25.7,14,0,,,,,,,,,,,,,,,
29,29.2,1.0,25.5,7,0,,,,,,,,,,,,,,,
30,23.5,0.0,95.3,16,0,,,,,,,,,,,,,,,
30,31.1,1.0,60.6,21,1,,,,,,,,,,,,,,,
32,20.2,1.0,52.8,9,0,,,,,,,,,,,,,,,
38,34.5,1.0,84.9,24,1,,,,,,,,,,,,,,,
33,25.7,1.0,86.9,29,1,,,,,,,,,,,,,,,
39,22.0,1.0,46.6,13,0,,,,,,,,,,,,,,,
38,19.2,0.0,75.5,25,0,,,,,,,,,,,,,,,
28,20.9,0.0,81.7,24,0,,,,,,,,,,,,,,,
45,26.8,1.0,72.4,11,1,,,,,,,,,,,,,,,
22,23.7,0.0,32.1,26,0,,,,,,,,,,,,,,,
21,32.1,0.0,90.1,8,0,,,,,,,,,,,,,,,
20,25.3,1.0,63.1,17,1,,,,,,,,,,,,,,,
36,22.2,0.0,42.6,17,0,,,,,,,,,,,,,,,
37,28.5,1.0,54.0,14,1,,,,,,,,,,,,,,,
42,30.0,1.0,23.0,22,0,,,,,,,,,,,,,,,
35,20.8,0.0,30.2,21,0,,,,,,,,,,,,,,,
32,20.8,1.0,81.2,24,0,,,,,,,,,,,,,,,
26,18.6,1.0,20.0,24,0,,,,,,,,,,,,,,,
34,30.5,1.0,53.3,17,1,,,,,,,,,,,,,,,
31,29.3,1.0,61.8,21,1,,,,,,,,,,,,,,,
32,26.1,1.0,24.4,26,0,,,,,,,,,,,,,,,
18,32.4,0.0,97.8,8,0,,,,,,,,,,,,,,,
38,31.7,0.0,38.1,5,0,,,,,,,,,,,,,,,
39,28.0,1.0,44.3,5,0,,,,,,,,,,,,,,,
39,32.8,1.0,44.3,19,1,,,,,,,,,,,,,,,
20,21.5,0.0,38.4,17,0,,,,,,,,,,,,,,,
33,19.9,1.0,20.1,21,0,,,,,,,,,,,,,,,
40,22.6,0.0,78.3,28,0,,,,,,,,,,,,,,,
42,19.0,1.0,97.3,12,0,,,,,,,,,,,,,,,
28,27.0,1.0,37.9,22,0,,,,,,,,,,,,,,,
29,33.9,1.0,73.0,17,1,,,,,,,,,,,,,,,
27,18.7,1.0,79.4,27,0,,,,,,,,,,,,,,,
33,20.1,1.0,87.9,18,0,,,,,,,,,,,,,,,
25,25.7,1.0,53.8,12,1,,,,,,,,,,,,,,,
23,33.9,1.0,44.2,12,1,,,,,,,,,,,,,,,
29,23.4,0.0,46.0,19,0,,,,,,,,,,,,,,,
41,26.6,0.0,77.0,17,0,,,,,,,,,,,,,,,
45,18.7,0.0,85.3,11,0,,,,,,,,,,,,,,,
38,20.5,1.0,34.5,9,0,,,,,,,,,,,,,,,
25,34.8,1.0,49.7,21,1,,,,,,,,,,,,,,,
43,34.4,1.0,92.2,29,1,,,,,,,,,,,,,,,
45,18.1,1.0,84.5,20,0,,,,,,,,,,,,,,,
21,34.2,1.0,98.8,27,1,,,,,,,,,,,,,,,
43,28.9,1.0,80.3,6,0,,,,,,,,,,,,,,,
25,32.8,1.0,51.5,26,1,,,,,,,,,,,,,,,
43,25.7,0.0,67.3,22,0,,,,,,,,,,,,,,,
45,26.8,1.0,72.9,21,1,,,,,,,,,,,,,,,
35,26.3,0.0,26.3,11,0,,,,,,,,,,,,,,,
45,29.3,0.0,63.6,17,0,,,,,,,,,,,,,,,
45,20.4,1.0,76.7,22,0,,,,,,,,,,,,,,,
22,18.5,1.0,33.4,18,0,,,,,,,,,,,,,,,
26,23.2,0.0,82.5,22,0,,,,,,,,,,,,,,,
21,30.0,0.0,66.7,17,0,,,,,,,,,,,,,,,
44,21.4,1.0,96.2,15,0,,,,,,,,,,,,,,,
39,29.4,1.0,23.4,25,0,,,,,,,,,,,,,,,
34,34.5,0.0,41.2,25,0,,,,,,,,,,,,,,,
26,19.6,1.0,68.1,20,0,,,,,,,,,,,,,,,
18,29.4,1.0,43.7,27,1,,,,,,,,,,,,,,,
38,25.5,1.0,77.2,21,1,,,,,,,,,,,,,,,
37,32.8,0.0,80.7,12,0,,,,,,,,,,,,,,,
30,21.0,0.0,28.2,23,0,,,,,,,,,,,,,,,
45,29.8,0.0,61.1,24,0,,,,,,,,,,,,,,,
33,32.2,1.0,60.7,19,1,,,,,,,,,,,,,,,
30,34.1,1.0,49.5,13,1,,,,,,,,,,,,,,,
31,29.6,0.0,94.6,24,0,,,,,,,,,,,,,,,
20,26.5,0.0,86.2,14,0,,,,,,,,,,,,,,,
23,28.5,0.0,75.8,16,0,,,,,,,,,,,,,,,
35,32.8,1.0,77.1,25,1,,,,,,,,,,,,,,,
36,27.7,0.0,56.9,27,0,,,,,,,,,,,,,,,
22,18.5,0.0,93.7,24,0,,,,,,,,,,,,,,,
32,33.8,1.0,75.6,5,0,,,,,,,,,,,,,,,
42,29.7,1.0,78.3,29,1,,,,,,,,,,,,,,,
19,29.5,1.0,88.9,24,1,,,,,,,,,,,,,,,
27,21.7,0.0,41.9,13,0,,,,,,,,,,,,,,,
41,29.2,1.0,84.6,26,1,,,,,,,,,,,,,,,
35,24.7,1.0,35.6,19,0,,,,,,,,,,,,,,,
44,29.1,0.0,47.6,5,0,,,,,,,,,,,,,,,
30,19.8,1.0,46.8,16,0,,,,,,,,,,,,,,,
22,29.2,0.0,98.3,7,0,,,,,,,,,,,,,,,
40,35.0,0.0,88.5,15,0,,,,,,,,,,,,,,,
41,18.8,1.0,76.1,6,0,,,,,,,,,,,,,,,
18,34.6,1.0,78.2,20,1,,,,,,,,,,,,,,,
39,24.9,1.0,65.0,13,0,,,,,,,,,,,,,,,
18,32.8,1.0,95.8,19,1,,,,,,,,,,,,,,,
35,31.3,1.0,59.7,16,1,,,,,,,,,,,,,,,
32,27.6,1.0,50.4,5,0,,,,,,,,,,,,,,,
34,30.6,0.0,33.0,17,0,,,,,,,,,,,,,,,
28,32.9,0.0,82.9,18,0,,,,,,,,,,,,,,,
38,24.9,1.0,78.8,29,0,,,,,,,,,,,,,,,
43,23.6,0.0,50.7,29,0,,,,,,,,,,,,,,,
42,29.3,1.0,22.0,12,0,,,,,,,,,,,,,,,
39,31.7,0.0,87.1,12,0,,,,,,,,,,,,,,,
44,31.0,0.0,20.9,16,0,,,,,,,,,,,,,,,
44,31.6,0.0,76.3,5,0,,,,,,,,,,,,,,,
34,25.4,1.0,97.6,15,1,,,,,,,,,,,,,,,
30,31.9,0.0,55.0,12,0,,,,,,,,,,,,,,,
18,20.0,1.0,38.8,14,0,,,,,,,,,,,,,,,
19,27.3,0.0,76.4,23,0,,,,,,,,,,,,,,,
26,18.1,0.0,85.4,15,0,,,,,,,,,,,,,,,
20,23.5,0.0,63.7,11,0,,,,,,,,,,,,,,,
18,24.2,0.0,97.4,15,0,,,,,,,,,,,,,,,
38,24.7,0.0,24.1,21,0,,,,,,,,,,,,,,,
33,29.8,1.0,60.4,5,0,,,,,,,,,,,,,,,
40,24.6,1.0,77.5,25,0,,,,,,,,,,,,,,,
23,25.6,0.0,89.0,25,0,,,,,,,,,,,,,,,
45,22.0,0.0,34.3,12,0,,,,,,,,,,,,,,,
34,24.3,0.0,84.0,27,0,,,,,,,,,,,,,,,
22,21.9,0.0,64.2,28,0,,,,,,,,,,,,,,,
22,19.2,1.0,51.7,10,0,,,,,,,,,,,,,,,
23,28.3,0.0,30.5,26,0,,,,,,,,,,,,,,,
20,29.4,1.0,89.2,22,1,,,,,,,,,,,,,,,
38,28.5,0.0,32.6,10,0,,,,,,,,,,,,,,,
40,25.9,1.0,44.8,9,0,,,,,,,,,,,,,,,
22,24.5,0.0,43.2,17,0,,,,,,,,,,,,,,,
38,32.7,0.0,89.7,23,0,,,,,,,,,,,,,,,
22,26.8,1.0,73.8,26,1,,,,,,,,,,,,,,,
27,26.1,0.0,83.7,12,0,,,,,,,,,,,,,,,
27,18.4,0.0,40.0,13,0,,,,,,,,,,,,,,,
36,23.8,0.0,70.0,21,0,,,,,,,,,,,,,,,
34,24.5,1.0,65.7,7,0,,,,,,,,,,,,,,,
38,24.8,0.0,86.6,23,0,,,,,,,,,,,,,,,
31,27.9,0.0,92.5,15,0,,,,,,,,,,,,,,,
26,27.1,1.0,21.0,28,0,,,,,,,,,,,,,,,
31,28.3,1.0,73.9,21,1,,,,,,,,,,,,,,,
18,31.0,1.0,24.1,25,0,,,,,,,,,,,,,,,
36,31.8,0.0,63.9,23,0,,,,,,,,,,,,,,,
30,30.2,0.0,43.0,6,0,,,,,,,,,,,,,,,
30,34.2,0.0,44.5,12,0,,,,,,,,,,,,,,,
21,18.3,1.0,48.2,23,0,,,,,,,,,,,,,,,
18,21.3,0.0,69.7,11,0,,,,,,,,,,,,,,,
34,18.1,0.0,46.7,21,0,,,,,,,,,,,,,,,
25,29.0,1.0,78.6,10,0,,,,,,,,,,,,,,,
19,33.3,1.0,52.4,23,1,,,,,,,,,,,,,,,
45,22.1,1.0,25.5,28,0,,,,,,,,,,,,,,,
25,33.8,1.0,82.7,10,0,,,,,,,,,,,,,,,
24,19.0,1.0,42.9,6,0,,,,,,,,,,,,,,,
43,33.9,0.0,54.6,10,0,,,,,,,,,,,,,,,
43,24.0,1.0,74.8,27,0,,,,,,,,,,,,,,,
19,19.7,0.0,46.6,9,0,,,,,,,,,,,,,,,
39,26.3,0.0,24.5,23,0,,,,,,,,,,,,,,,
39,22.4,1.0,49.9,24,0,,,,,,,,,,,,,,,
20,22.8,1.0,95.6,8,0,,,,,,,,,,,,,,,
44,23.2,1.0,71.3,26,0,,,,,,,,,,,,,,,
35,31.7,0.0,73.7,21,0,,,,,,,,,,,,,,,
29,27.2,1.0,70.6,15,1,,,,,,,,,,,,,,,
18,23.3,1.0,35.9,8,0,,,,,,,,,,,,,,,
39,28.4,1.0,53.5,17,1,,,,,,,,,,,,,,,
29,30.2,1.0,80.1,24,1,,,,,,,,,,,,,,,
22,22.6,1.0,28.1,21,0,,,,,,,,,,,,,,,
44,25.0,0.0,42.2,13,0,,,,,,,,,,,,,,,
42,20.1,0.0,42.1,8,0,,,,,,,,,,,,,,,
34,21.1,0.0,54.6,27,0,,,,,,,,,,,,,,,
33,29.6,1.0,98.4,18,1,,,,,,,,,,,,,,,
32,21.1,1.0,25.4,23,0,,,,,,,,,,,,,,,
40,26.9,1.0,61.5,7,0,,,,,,,,,,,,,,,
32,30.1,0.0,34.3,18,0,,,,,,,,,,,,,,,
22,19.8,1.0,97.7,12,0,,,,,,,,,,,,,,,
38,27.6,1.0,29.1,28,0,,,,,,,,,,,,,,,
31,22.4,1.0,52.3,5,0,,,,,,,,,,,,,,,
19,34.4,0.0,79.0,14,0,,,,,,,,,,,,,,,
28,26.2,1.0,76.4,22,1,,,,,,,,,,,,,,,
36,31.7,0.0,53.8,20,0,,,,,,,,,,,,,,,
24,27.4,1.0,47.7,12,1,,,,,,,,,,,,,,,
23,18.7,0.0,51.8,5,0,,,,,,,,,,,,,,,
45,28.8,0.0,41.1,16,0,,,,,,,,,,,,,,,
19,34.2,0.0,36.4,12,0,,,,,,,,,,,,,,,
23,28.2,1.0,58.6,28,1,,,,,,,,,,,,,,,
35,31.9,1.0,41.5,20,1,,,,,,,,,,,,,,,
19,33.0,0.0,43.0,22,0,,,,,,,,,,,,,,,
35,21.9,0.0,72.5,8,0,,,,,,,,,,,,,,,
32,21.6,1.0,97.5,10,0,,,,,,,,,,,,,,,
44,28.4,1.0,68.3,16,1,,,,,,,,,,,,,,,
36,25.0,0.0,26.2,13,0,,,,,,,,,,,,,,,
19,32.3,1.0,26.0,19,0,,,,,,,,,,,,,,,
37,33.3,1.0,96.1,20,1,,,,,,,,,,,,,,,
42,24.0,1.0,43.8,28,0,,,,,,,,,,,,,,,
23,22.0,1.0,27.4,16,0,,,,,,,,,,,,,,,
18,31.3,0.0,67.9,28,0,,,,,,,,,,,,,,,
41,22.7,1.0,69.9,27,0,,,,,,,,,,,,,,,
32,32.0,1.0,71.9,18,1,,,,,,,,,,,,,,,
45,25.2,0.0,41.4,17,0,,,,,,,,,,,,,,,
40,29.3,0.0,21.2,29,0,,,,,,,,,,,,,,,
27,19.6,1.0,97.2,6,0,,,,,,,,,,,,,,,
36,28.6,1.0,40.1,7,0,,,,,,,,,,,,,,,
34,25.7,1.0,74.1,28,1,,,,,,,,,,,,,,,
22,28.0,1.0,76.5,26,1,,,,,,,,,,,,,,,
21,20.9,0.0,68.8,14,0,,,,,,,,,,,,,,,
27,30.5,0.0,45.0,13,0,,,,,,,,,,,,,,,
41,32.7,0.0,41.7,24,0,,,,,,,,,,,,,,,
34,21.7,1.0,67.8,12,0,,,,,,,,,,,,,,,
27,19.6,1.0,89.3,14,0,,,,,,,,,,,,,,,
34,18.4,1.0,95.7,23,0,,,,,,,,,,,,,,,
45,28.9,1.0,28.5,7,0,,,,,,,,,,,,,,,
37,28.3,0.0,32.4,28,0,,,,,,,,,,,,,,,
41,27.3,0.0,95.6,9,0,,,,,,,,,,,,,,,
22,21.9,1.0,78.9,7,0,,,,,,,,,,,,,,,
30,23.18556936301909,,,6,0,2.37,5.7,5,1,1,0,5.76,0,0,0.86,2.36,108.0,0.0,1,28.7
36,25.441391936864854,,,5,0,1.71,2.85,6,1,0,1,3.09,1,0,0.92,1.54,95.0,0.0,1,20.16
36,23.9282637350243,,,2,0,1.51,2.8,2,0,0,0,1.61,0,0,0.95,6.65,125.0,0.0,0,27.7
29,27.89493508992406,,,2,1,2.41,2.56,5,0,1,1,7.3,0,1,0.94,2.86,92.0,0.0,1,19.0
33,23.079564197317985,,,7,0,0.72,4.85,5,0,0,0,1.01,0,0,0.83,2.0,92.0,0.0,0,42.36
26,25.58290724695167,,,26,1,2.01,5.05,5,1,0,0,0.9,1,0,0.9,1.27,92.0,1.0,0,32.8
31,27.31841199067607,,,13,0,0.24,1.58,6,1,0,1,5.1,1,0,0.93,6.91,87.0,0.0,0,25.6
34,21.51246449865397,,,10,1,5.57,6.47,6,1,1,0,5.4,0,1,0.89,3.01,100.0,1.0,0,35.8
30,19.116392851246022,,,32,1,6.69,7.59,2,0,1,0,10.53,0,1,0.89,3.58,116.0,1.0,1,21.7
40,23.22760595259428,,,20,0,0.02,1.0,5,0,0,0,2.26,0,0,0.89,1.52,125.0,0.0,0,55.9
37,26.42423540996161,,,2,0,5.1,9.1,6,0,0,0,2.01,1,1,0.84,2.85,91.0,1.0,0,17.1
30,26.37286550397293,,,16,0,2.84,5.07,5,0,0,0,5.6,1,0,0.94,2.05,108.0,0.0,0,23.0
36,28.304157531969,,,4,0,5.35,4.95,5,0,0,0,5.8,0,0,0.88,3.17,92.0,0.0,0,56.45
29,26.587193607449112,,,8,0,0.42,5.36,5,0,0,0,1.8,1,1,0.84,0.69,108.0,0.0,1,15.3
42,24.766078676834983,,,12,0,1.76,6.76,6,1,0,0,1.2,1,0,0.92,3.505,115.0,1.0,0,22.7
41,26.769255073865903,,,16,0,3.6,4.74,7,0,1,0,9.1,1,1,0.93,1.09,85.0,1.0,0,31.6
32,24.3597775018002,,,6,0,0.79,5.64,5,0,0,0,4.27,0,0,0.83,4.14,60.0,0.0,0,37.2
24,30.469260198981296,,,19,1,9.9,5.9,4,1,1,1,11.48,1,0,0.88,1.73,91.0,1.0,0,25.69
28,27.338198322091657,,,6,0,0.75,8.96,5,0,1,1,2,0,1,0.84,1.04,92.0,0.0,0,20.0
42,24.6311703965313,,,9,0,0.2,2.97,5,1,0,1,12.8,0,0,0.89,3.58,107.0,1.0,0,23.1
35,27.169281290010343,,,1,0,3.23,6.51,3,0,0,0,1.2,1,0,0.95,4.61,100.0,1.0,0,27.2
40,13.5823264583555,,,11,0,1.6,5.01,3,0,0,0,8.5,0,0,0.93,5.0,88.0,1.0,1,27.7
39,37.13732045308711,,,16,1,2.26,6.4,6,1,1,1,4.1,1,1,0.96,5.0,106.0,1.0,0,32.6
29,23.879006324548754,,,26,1,0.4,2.91,4,0,1,1,7.51,1,0,0.8,1.64,108.0,1.0,0,31.2
24,23.04205826026999,,,18,0,0.43,1.72,5,0,0,0,17.6,1,0,0.94,4.02,100.0,0.0,0,44.8
36,24.137275496146064,,,5,0,0.1,3.22,5,0,0,1,5,0,0,0.97,2.91,92.0,1.0,0,53.21
36,27.145001382474383,,,7,0,1.6,4.32,5,1,1,1,2.38,1,0,0.92,2.26,100.0,0.0,0,63.3
25,24.215513769737598,,,11,0,1.06,4.6,5,0,0,0,3.56,0,0,0.81,3.79,106.0,0.0,0,36.56
41,24.5439539224258,,,1,0,1.51,7.37,5,0,0,0,2.4,0,0,0.79,15.68,92.0,0.0,1,25.6
41,23.24197400509969,,,1,0,1.51,7.37,5,0,0,0,2.4,0,0,0.79,15.68,92.0,0.0,1,25.6
32,27.09397335497402,,,10,0,0.72,2.49,5,0,0,0,6.55,0,0,0.87,0.75,92.0,0.0,0,45.36
36,28.29020869517077,,,14,0,2.01,5.65,5,0,0,0,2.39,1,0,0.98,6.96,116.0,1.0,0,22.0
30,21.958479595311324,,,15,0,6.26,6.3,4,1,0,1,8.1,0,0,0.94,2.58,112.0,0.0,1,26.3
30,18.56170561837799,,,4,0,0.22,2.44,5,1,0,1,3.3,0,0,0.91,0.79,100.0,0.0,0,13.4
31,24.848353766307117,,,13,0,3.39,2.49,5,1,0,0,3.1,0,0,0.92,1.62,92.0,1.0,1,24.1
28,13.631055865828616,,,1,0,0.25,3.34,9,0,0,0,3.55,0,0,0.81,3.4,84.0,0.0,0,42.3
40,22.563974440996912,,,8,0,3.31,5.65,6,0,0,1,0.5,0,0,0.88,3.85,107.0,0.0,1,24.3
27,20.85443354458629,,,7,0,0.1,1.76,6,0,0,1,6.8,0,0,0.91,1.17,72.0,1.0,0,13.7
38,21.39183517336929,,,16,0,2.62,4.3,3,1,0,1,11,0,0,0.88,2.42,80.0,1.0,0,29.4
36,26.05205956942796,,,5,0,0.61,3.88,5,0,0,0,2.333,0,0,0.83,1.98,82.0,0.0,0,31.22
35,22.065769675471063,,,4,0,4.88,8.99,6,1,0,0,6,1,0,0.94,1.32,110.0,1.0,0,30.5
29,24.693159604319185,,,6,0,4.25,3.62,5,0,0,0,3.3,1,0,0.82,1.67,100.0,0.0,0,17.5
25,28.00153507168593,,,10,1,2.34,4.59,3,0,0,0,8.9,1,1,0.89,2.38,72.0,0.0,1,18.7
39,20.73027935894461,,,4,0,7.58,4.84,5,0,0,0,5.42,0,0,0.9,3.63,91.0,0.0,0,21.3
35,19.99019769199256,,,12,0,1.56,3.25,5,0,0,0,3.18,0,0,0.86,1.75,116.0,0.0,0,34.2
36,25.39350128525501,,,15,1,1.6,3.72,4,1,1,0,1.6,1,0,0.92,1.6,92.0,1.0,0,24.6
34,24.946448754234023,,,4,0,2.19,6.54,5,0,0,0,2.06,0,0,0.82,4.24,133.0,0.0,0,37.1
23,23.04422496179668,,,30,1,2.59,4.07,4,0,1,1,5.61,1,0,0.94,2.04,108.0,1.0,0,15.36
40,25.65782903310776,,,11,0,5.0,6.2,5,1,0,0,1.03,1,0,0.9,7.27,100.0,1.0,1,27.6
26,17.13607722454442,,,12,0,2.78,7.34,5,0,0,0,4.33,0,0,0.85,4.45,80.0,0.0,0,54.62
25,20.679570226065447,,,10,0,10.75,6.54,5,1,0,0,19.3,0,0,0.83,1.29,100.0,1.0,0,36.8
30,30.17373448439837,,,14,1,0.032,1.98,4,0,1,1,32,1,0,0.84,1.98,100.0,1.0,0,74.5
32,20.85871843485969,,,5,0,4.22,11.12,5,0,0,0,1.8,0,0,0.82,0.9,110.0,1.0,1,27.9
29,29.598370801964588,,,4,1,1.56,3.27,6,1,1,1,0.2,1,1,0.95,2.38,85.0,1.0,0,10.1
28,15.791995923329049,,,15,0,0.63,2.59,5,1,0,1,5.8,0,0,0.86,5.74,84.0,0.0,0,39.3
37,25.010497162026137,,,9,0,0.35,2.91,5,1,0,0,a,0,0,0.94,16.0,100.0,0.0,1,38.6
33,22.70296268219522,,,38,1,1.22,3.84,5,1,1,1,5.67,1,0,0.8,2.48,100.0,1.0,1,54.7
41,28.10462896445321,,,16,0,3.6,4.74,7,0,1,0,9.1,1,1,0.93,1.09,85.0,1.0,0,31.6
22,20.936561683412688,,,16,1,1.0,2.0,5,1,1,1,2.19,1,1,0.84,2.78,107.0,1.0,0,18.7
28,28.6704173577592,,,12,0,2.72,5.3,5,0,1,1,1.86,1,0,0.9,2.49,90.0,1.0,0,61.58
33,16.182028846804055,,,5,0,0.47,3.88,5,1,0,1,2.25,0,0,0.93,1.42,107.0,0.0,0,27.6
30,27.631749177514365,,,4,0,0.2,1.76,4,0,1,1,2,0,1,0.95,0.94,92.0,0.0,1,35.8
24,25.4980766640817,,,30,1,2.73,5.97,5,1,0,1,4.5,1,1,0.84,3.3,125.0,1.0,0,19.3
22,21.95652907989828,,,19,1,3.92,4.06,3,1,1,1,15,0,0,0.89,5.0,92.0,1.0,0,22.0
28,23.01082433290816,,,6,0,4.97,5.2,5,0,0,1,1.91,1,0,0.95,2.74,100.0,1.0,0,9.01
32,24.559542234797064,,,5,0,1.52,4.61,6,1,0,0,11.4,1,0,0.89,1.4,100.0,0.0,1,20.1
23,27.297959370713432,,,18,1,0.57,2.13,7,0,1,0,5.5,0,1,0.95,1.0,92.0,1.0,0,17.0
28,21.73606491864051,,,27,1,4.44,6.22,6,1,1,0,4.2,0,1,0.92,0.64,100.0,1.0,1,26.0
32,24.326661033485667,,,5,0,1.52,4.61,6,1,0,0,11.4,1,0,0.89,1.4,100.0,0.0,1,20.1
28,27.97695716736697,,,14,0,1.69,6.41,5,1,0,0,2.5,0,0,0.89,0.45,92.0,0.0,0,30.54
24,30.19136568421928,,,12,1,9.9,5.9,2,1,0,0,11.48,1,1,0.86,1.73,91.0,1.0,1,13.0
28,26.83085677533787,,,15,0,0.59,3.3,3,1,0,0,9.1,1,0,0.9,2.78,92.0,1.0,0,10.1
32,24.01349970371625,,,5,0,3.95,5.28,5,0,0,0,1.04,0,0,0.98,4.36,125.0,0.0,0,19.2
23,17.24209129293545,,,23,1,5.15,5.0,5,0,1,1,19.8,1,1,0.83,1.69,92.0,1.0,1,23.5
23,21.79094124652277,,,16,1,3.25,6.23,2,0,1,1,4,1,0,0.89,0.05,92.0,1.0,1,24.9
35,28.22160043165185,,,18,1,0.6,1.59,4,1,1,1,5.57,1,0,0.92,1.58,98.0,1.0,1,46.58
40,24.218682495833395,,,7,0,3.83,4.8,5,0,0,1,8.1,0,0,0.88,1.98,115.0,1.0,0,44.1
29,27.556107233932483,,,18,0,2.13,5.6,5,0,0,0,3.88,0,0,0.86,0.93,92.0,0.0,0,14.36
26,30.39084499155856,,,6,0,3.34,6.87,5,0,0,0,2.31,0,0,0.89,2.33,92.0,0.0,0,25.65
37,28.57435331182248,,,8,0,0.48,3.22,7,0,0,0,2.78,0,0,0.84,3.57,92.0,0.0,0,36.58
31,25.466480173416,,,18,0,0.39,2.34,9,0,0,0,3.81,0,0,0.86,2.7,84.0,0.0,0,29.8
24,26.09835211963508,,,14,0,1.97,2.79,5,0,0,0,4.33,0,0,0.85,1.48,100.0,0.0,0,25.366
26,18.319903758110303,,,6,0,1.47,4.09,5,0,0,0,1.67,0,0,0.85,3.98,100.0,0.0,0,29.18
24,28.49852636668435,,,6,0,1.99,3.33,6,1,0,0,3.02,1,0,0.92,2.0,80.0,1.0,0,22.5
36,26.182505333376348,,,14,0,3.24,6.24,2,0,0,0,6.56,0,0,0.87,2.02,100.0,0.0,0,27.8
31,24.91483309503389,,,17,0,0.42,2.8,5,0,0,0,2.34,0,0,0.82,1.88,138.0,0.0,0,32.2
42,21.084323034173067,,,2,0,4.39,8.01,5,1,1,0,1.35,0,0,0.94,1.89,91.0,0.0,0,14.5
41,24.72289376616663,,,1,0,1.51,7.37,5,0,0,0,2.4,0,0,0.79,15.68,92.0,0.0,1,25.6
27,20.02399833612769,,,27,1,4.61,6.8,5,0,0,0,5.3,0,0,0.85,3.49,90.0,0.0,1,26.1
37,26.53204894993493,,,2,0,5.1,9.1,6,0,0,0,2.01,1,1,0.84,2.85,91.0,1.0,0,17.1
31,26.6990877010872,,,13,0,0.24,1.58,6,1,0,1,5.1,1,0,0.9,6.91,87.0,1.0,0,25.6
26,22.145889114983955,,,9,0,4.35,5.38,6,1,0,1,5.78,0,0,0.84,2.56,108.0,1.0,0,15.2
27,22.708461441968517,,,2,1,2.23,4.97,5,0,0,0,16.9,0,0,0.89,1.94,93.0,1.0,1,23.6
36,27.10080295766797,,,14,0,2.01,5.65,5,0,0,0,2.39,1,0,0.98,6.96,116.0,1.0,0,22.0
26,29.35869339497682,,,3,0,2.71,7.76,5,0,0,1,1.7,1,0,0.94,3.71,122.0,1.0,0,17.1
31,25.467275050991805,,,6,0,0.26,2.95,5,1,1,1,0.9,0,0,0.95,3.23,92.0,0.0,1,25.5
31,25.986958063917974,,,18,0,2.31,6.54,5,0,0,1,10,0,0,0.96,1.41,92.0,0.0,0,22.9
27,26.57434649898921,,,8,0,2.79,5.32,5,0,0,0,2.29,0,0,0.83,6.81,116.0,0.0,0,22.5
35,25.19049846373017,,,25,0,2.67,3.71,6,1,1,0,9.7,0,0,0.94,2.97,93.0,1.0,1,15.0
26,25.30146876310828,,,13,1,0.1,1.0,4,1,1,1,1.15,1,1,0.94,0.59,100.0,1.0,0,20.7
31,20.06290144783096,,,13,0,5.13,6.698,4,1,0,0,10.8,0,1,0.91,3.861,100.0,0.0,0,24.9
30,25.878244147734744,,,17,1,14.24,6.86,2,1,1,0,15.7,1,1,0.87,2.32,100.0,1.0,0,18.7
30,31.217120703263696,,,24,1,0.81,1.89,7,1,1,1,2.07,0,1,0.95,2.87,100.0,1.0,0,28.0
34,22.606212524380062,,,2,0,8.71,6.71,5,1,0,1,6.4,0,0,0.89,3.65,100.0,1.0,1,25.8
34,23.536202316217697,,,36,1,1.93,4.07,5,1,1,1,0.91,1,0,0.95,3.08,107.0,1.0,0,61.3
33,26.595148757398903,,,17,1,7.85,5.42,5,1,1,0,1.25,1,1,0.95,1.31,146.0,1.0,0,12.8
30,31.71937551984245,,,14,1,0.032,1.98,4,0,1,1,32,1,0,0.84,1.98,100.0,1.0,0,74.5
37,23.86890922846457,,,33,1,0.79,2.06,2,1,0,1,5.7,1,1,0.92,4.62,110.0,1.0,0,35.7
38,14.396498295765785,,,4,0,0.49,2.95,5,0,0,1,4.2,0,0,0.94,2.61,100.0,1.0,0,24.6
35,27.67971777780208,,,12,0,1.16,2.36,5,0,0,0,17.1,0,0,0.79,3.85,120.0,0.0,0,25.8
33,21.844905241381444,,,4,0,1.38,3.82,5,0,0,0,9,0,0,0.95,2.16,92.0,1.0,0,19.8
41,26.428077149120885,,,1,0,3.68,9.64,6,0,0,0,0.8,1,0,0.95,2.52,92.0,1.0,0,31.0
31,23.63679814974007,,,12,1,0.65,2.68,5,1,1,1,10.04,1,1,0.78,1.0,100.0,1.0,0,41.89
24,22.33893387375174,,,8,0,3.01,5.45,5,0,0,1,1.6,0,0,0.82,3.46,92.0,0.0,0,19.5
21,27.466709813417594,,,2,0,5.11,4.13,6,0,0,1,21.9,0,1,0.83,1.26,125.0,0.0,1,33.4
41,18.123318144617937,,,3,0,4.39,8.82,5,0,0,0,0.26,0,0,0.82,0.84,92.0,0.0,0,45.6
34,23.294209103603883,,,40,1,2.3,2.24,7,0,0,0,0.85,0,0,0.97,6.66,90.0,0.0,0,46.21
28,27.759923343788053,,,41,1,4.31,5.71,9,1,0,1,15,1,1,0.82,2.41,100.0,1.0,1,18.3
26,32.53640336076771,,,15,1,8.34,3.63,2,1,0,0,26.4,1,1,0.95,2.92,93.0,1.0,0,22.4
31,28.28775873027078,,,6,0,1.54,7.8,4,1,0,1,2.5,1,0,0.95,2.06,83.0,1.0,1,10.4
37,25.768351778009556,,,12,0,3.28,8.06,4,0,1,1,0.9,0,0,0.98,1.74,107.0,1.0,0,24.3
33,22.809395143821146,,,2,0,0.48,7.6,5,0,1,0,3.9,0,0,0.79,1.67,100.0,0.0,0,33.4
45,23.8711926582674,,,6,0,3.05,5.27,6,1,0,1,2.5,0,0,0.92,3.69,100.0,0.0,1,37.9
25,23.329470662835924,,,24,1,0.71,4.67,5,0,0,1,0.74,0,0,0.95,1.82,102.0,0.0,1,60.265
29,23.28925728608431,,,17,1,2.14,6.06,5,1,1,0,5.4,0,1,0.94,2.35,100.0,0.0,0,18.0
27,18.407908141627946,,,5,0,4.61,8.95,5,0,1,0,0.6,0,0,0.92,4.27,100.0,0.0,0,24.3
31,24.538765196556163,,,12,1,0.65,2.68,5,1,1,1,10.04,1,1,0.78,1.0,100.0,1.0,0,41.89
29,28.9681066174214,,,18,0,2.13,5.6,5,0,0,0,3.88,0,0,0.86,0.93,92.0,0.0,0,14.36
30,24.38354671159438,,,10,0,3.85,5.59,5,0,0,0,0.56,0,0,0.94,3.0,88.0,0.0,1,30.3
33,27.071328115355005,,,20,1,3.13,3.47,2,1,0,0,1.01,1,1,0.93,3.9,100.0,1.0,0,32.9
32,29.576402764265197,,,7,0,1.43,2.47,5,1,0,1,7,1,0,0.92,3.64,108.0,0.0,0,87.2
29,25.21281237167656,,,10,0,4.19,6.11,5,1,0,0,1.89,1,0,0.84,3.27,91.0,1.0,0,15.0
26,25.15635910891047,,,9,0,2.18,6.21,2,0,1,1,1.6,0,1,0.85,2.44,100.0,1.0,1,25.3
30,27.82432975850815,,,4,0,4.65,7.57,2,1,0,1,5,1,0,0.86,1.42,92.0,1.0,0,13.9
40,18.72220719623388,,,3,0,0.69,4.96,5,0,1,0,0.3,0,0,0.82,1.86,92.0,0.0,0,36.1
36,25.589172674852428,,,20,1,0.17,1.63,5,1,1,1,6.6,1,1,0.94,1.86,93.0,1.0,1,0.0
35,28.616803056798645,,,10,0,2.78,2.75,3,0,0,1,7.9,1,0,0.95,1.57,110.0,1.0,0,21.7
34,24.993116324266538,,,10,1,0.89,5.34,5,1,1,0,1.89,0,0,0.84,0.65,100.0,1.0,0,21.5
35,25.71264262109802,,,26,0,8.45,5.41,5,0,0,0,5.2,0,0,0.85,9.03,120.0,0.0,0,25.36
27,18.752257449951795,,,4,0,0.1,1.85,6,1,1,0,3.5,0,1,0.94,3.79,73.0,0.0,1,22.3
35,22.14253619530415,,,4,0,4.88,8.99,6,1,0,0,6,1,0,0.94,1.32,110.0,1.0,0,30.5
31,23.07759169442223,,,17,0,0.42,2.8,5,0,0,0,2.34,0,0,0.82,1.88,138.0,0.0,0,32.2
26,18.93280924774309,,,6,0,1.47,4.09,5,0,0,0,1.67,0,0,0.85,3.98,100.0,0.0,0,29.18
27,22.242660210138645,,,2,0,2.23,4.97,5,1,0,1,16.9,0,0,0.9,1.94,93.0,0.0,1,23.6
27,23.940084168172337,,,13,0,0.09,3.14,5,1,0,1,4.6,0,0,0.85,0.04,84.0,0.0,0,47.0
40,26.43426109007041,,,6,0,0.6,1.0,6,1,0,0,6.9,1,1,0.9,4.45,92.0,1.0,1,17.1
36,29.518286571081877,,,14,0,2.01,5.65,5,0,0,0,2.39,1,0,0.98,6.96,116.0,1.0,0,22.0
27,21.695058268083077,,,13,0,4.33,4.4,2,1,0,0,5.2,0,0,0.93,2.5,115.0,0.0,0,22.4
34,28.658564006370558,,,21,1,2.7,4.76,4,1,1,1,22,1,0,0.92,2.3,93.0,1.0,0,22.7
24,27.915758559527085,,,6,0,1.99,3.33,6,1,0,0,3.02,1,0,0.92,2.0,80.0,1.0,0,22.5
37,25.830213408241768,,,2,0,5.1,9.1,6,0,0,0,2.01,1,1,0.84,2.85,91.0,1.0,0,17.1
23,22.7348700003867,,,16,1,3.25,6.23,2,0,1,1,4,1,0,0.89,0.05,92.0,1.0,1,24.9
32,25.665608149579395,,,3,0,2.02,2.17,5,0,0,0,0.2,1,0,0.92,4.78,115.0,1.0,0,17.3
26,26.53710235434519,,,7,0,6.68,7.31,5,0,0,0,0.35,1,0,0.89,2.95,92.0,0.0,0,14.36
20,24.188551858269783,,,16,0,3.61,4.87,6,1,0,1,4.5,0,0,0.94,2.93,88.0,1.0,0,27.0
28,16.140255479824248,,,15,0,0.63,2.59,6,1,0,0,5.8,0,1,0.86,5.74,84.0,1.0,0,39.3
27,22.34858559635041,,,13,0,4.33,4.4,2,1,0,0,5.2,0,0,0.93,2.5,115.0,0.0,0,22.4
33,25.66620954093556,,,30,1,1.17,2.5,5,1,0,1,20,1,1,0.89,2.53,92.0,1.0,0,35.1
25,21.697044624795783,,,24,1,3.57,3.8,3,0,1,1,7.25,1,1,0.95,3.9,90.0,1.0,0,55.6
42,23.598864413382348,,,9,0,0.2,2.97,5,1,0,1,12.8,0,0,0.89,3.58,107.0,1.0,0,23.1
32,28.864651209524663,,,21,1,0.15,1.46,5,1,1,1,3.21,1,1,0.87,0.44,107.0,1.0,1,25.45
26,27.031661073641786,,,17,1,7.89,7.12,5,1,1,0,8.9,1,0,0.88,2.29,107.0,1.0,0,23.4
29,22.42827002070626,,,27,1,0.79,3.26,7,1,1,1,3.55,1,1,0.85,3.77,100.0,1.0,1,44.55
22,24.70920688926564,,,23,1,1.44,5.71,2,0,0,0,3.65,0,0,0.89,1.31,100.0,0.0,0,27.7
38,19.542115664491494,,,7,0,1.97,6.11,5,0,0,0,1.58,0,0,0.81,2.42,92.0,0.0,0,36.85
35,20.30717250074658,,,30,1,1.05,2.63,4,1,1,0,13.6,0,1,0.91,2.08,86.0,1.0,0,32.2
37,29.936000445196477,,,8,0,0.48,3.22,7,0,0,0,2.78,0,0,0.84,3.57,92.0,0.0,0,36.58
36,22.206473169737304,,,5,0,0.1,3.22,5,0,0,1,5,0,0,0.97,2.91,92.0,1.0,0,53.21
27,30.039733830161765,,,2,1,2.49,4.6,6,1,0,1,17.5,0,0,0.92,6.48,92.0,0.0,0,26.6
28,26.878398356193216,,,12,0,2.72,5.3,5,0,1,1,1.86,1,0,0.9,2.49,90.0,1.0,0,61.58
28,20.80776716213595,,,5,0,3.54,8.94,5,1,0,0,1.5,0,0,0.94,1.76,100.0,0.0,0,29.5
36,25.971301599852698,,,14,0,3.24,6.24,2,0,0,0,6.56,0,0,0.87,2.02,100.0,0.0,0,27.8
29,24.48122068718712,,,13,0,1.61,1.99,5,0,1,0,5.96,0,1,0.95,1.77,95.0,1.0,0,22.7
26,24.648203728407697,,,8,0,2.54,3.59,5,0,0,1,12.6,1,0,0.81,0.25,123.0,0.0,1,26.6
23,21.887111997973054,,,16,1,2.19,3.26,4,1,1,1,5.69,1,0,0.92,0.55,133.0,1.0,1,8.6
40,19.40833460757637,,,3,0,0.69,4.96,5,0,1,0,0.3,0,0,0.82,1.86,92.0,0.0,0,36.1
35,29.70090661575947,,,18,1,0.6,1.59,4,1,1,1,5.57,1,0,0.92,1.58,98.0,1.0,1,46.58
22,21.9550998511983,,,19,1,3.92,4.06,3,1,1,1,15,0,0,0.89,5.0,92.0,1.0,0,22.0
35,20.59876529990473,,,4,0,4.88,8.99,6,1,0,0,6,1,0,0.94,1.32,110.0,1.0,0,30.5
35,26.19550403392611,,,3,0,1.01,3.91,6,1,0,0,1.2,0,1,0.92,2.45,115.0,1.0,0,20.7
31,21.7021710118894,,,10,0,0.35,1.8,6,1,0,1,1.5,0,0,0.92,0.53,100.0,1.0,0,34.0
30,28.11592931546833,,,21,1,0.98,1.0,4,1,1,1,2.83,1,1,0.85,16.99,95.0,1.0,0,22.8
28,30.79913003408547,,,29,1,2.77,4.5,4,0,1,1,9,1,1,0.9,4.04,108.0,1.0,0,10.22
30,26.12909303076568,,,16,0,2.84,5.07,5,0,0,0,5.6,1,0,0.94,2.05,108.0,0.0,0,23.0
37,22.995049953621763,,,33,1,0.79,2.06,2,1,0,1,5.7,1,1,0.92,4.62,110.0,1.0,0,35.7
36,25.27745538450995,,,2,0,3.97,7.4,5,0,1,0,4.9,0,0,0.94,2.12,138.0,0.0,0,17.9
29,29.552885002218662,,,19,1,1.92,4.52,5,0,1,1,12.7,1,1,0.84,1.68,100.0,0.0,1,22.7
28,24.92610610140943,,,21,1,1.19,2.41,3,1,0,0,1.56,1,1,0.83,3.44,100.0,1.0,0,23.14
27,23.877054303869265,,,8,0,4.95,5.47,5,1,1,1,5.4,1,1,0.95,4.29,92.0,0.0,0,21.4
36,31.057234714561613,,,4,0,1.28,6.28,5,0,0,1,2.9,0,0,0.83,3.26,160.0,0.0,0,10.1
30,21.606940456711683,,,15,0,6.26,6.3,4,1,0,1,8.1,0,0,0.94,2.58,112.0,0.0,1,26.3
31,12.157868369572036,,,13,1,6.63,3.99,3,0,1,1,17.6,0,1,0.88,1.3,133.0,1.0,0,19.57
26,27.205315877286058,,,25,1,4.62,6.83,2,1,1,0,5.9,1,0,0.9,2.39,76.0,1.0,0,38.6
46,22.556220202299677,,,38,1,0.37,2.85,4,0,0,0,16.6,1,0,0.93,1.13,92.0,1.0,0,23.7
32,21.639908042240585,,,16,0,2.86,7.45,5,0,0,0,18.9,0,0,0.95,2.97,100.0,1.0,0,30.0
34,24.466092503274933,,,19,1,0.82,2.18,5,1,0,0,4.63,1,1,0.88,2.85,80.0,0.0,1,15.44
32,17.988841108572263,,,2,0,3.27,4.52,6,1,1,0,2.6,0,0,0.89,1.4,115.0,0.0,0,18.8
28,27.13744449172825,,,18,0,2.3,7.03,6,1,0,0,3.6,1,0,0.9,0.22,85.0,1.0,0,32.4
35,20.920865239984103,,,12,0,1.56,3.25,5,0,0,0,3.18,0,0,0.86,1.75,116.0,0.0,0,34.2
26,26.23438873490856,,,17,1,7.89,7.12,5,1,1,0,8.9,1,0,0.88,2.29,107.0,1.0,0,23.4
42,24.71695865921208,,,9,0,0.2,2.97,5,1,0,1,12.8,0,0,0.89,3.58,107.0,1.0,0,23.1
30,24.667211429581336,,,26,1,7.2,4.75,4,1,0,0,7.2,1,1,0.92,4.75,92.0,1.0,0,33.8
30,24.328487011312784,,,10,0,3.85,5.59,5,0,0,0,0.56,0,0,0.94,3.0,88.0,0.0,1,30.3
24,25.091818431034586,,,14,0,1.97,2.79,5,0,0,0,4.33,0,0,0.85,1.48,100.0,0.0,0,25.366
35,20.720750009971105,,,8,0,1.94,6.36,5,0,0,0,1.65,0,0,0.85,0.6,108.0,0.0,0,38.2
33,21.666445554593285,,,12,0,2.63,4.09,6,1,0,1,10.3,0,0,0.88,1.08,100.0,1.0,1,27.2
32,21.699862972062924,,,3,0,8.96,5.1,5,0,0,0,0.86,0,0,0.84,4.3,97.0,0.0,0,29.8
37,26.045677474935164,,,2,0,5.1,9.1,6,0,0,0,2.01,1,1,0.84,2.85,91.0,1.0,0,17.1
33,19.29273166825653,,,5,0,2.77,3.39,5,1,0,1,4.2,0,0,0.89,2.77,82.0,1.0,0,43.3
28,22.79717438063325,,,6,0,4.97,5.2,5,0,0,1,1.91,1,0,0.95,2.74,100.0,1.0,0,9.01
23,23.584858030913995,,,2,0,4.1,7.72,5,0,0,0,5.1,0,0,0.94,5.0,92.0,0.0,0,25.9
26,18.541563772444604,,,12,0,0.43,6.8,5,0,0,0,1.4,0,0,0.97,1.47,84.0,0.0,0,24.5
29,20.178061248502217,,,10,0,3.68,5052.0,6,1,0,1,3.5,0,0,0.92,0.83,108.0,1.0,0,28.6
23,28.602074960955072,,,19,1,4.3,3.99,7,1,1,1,20,1,1,0.96,1.66,108.0,1.0,0,17.4
35,28.3568515774844,,,18,1,0.6,1.59,4,1,1,1,5.57,1,0,0.92,1.58,98.0,1.0,1,46.58
29,20.572342379242727,,,11,0,0.65,2.02,5,0,0,0,3.78,0,0,0.81,1.98,91.0,0.0,0,19.1
28,23.151737558713663,,,10,0,0.22,2.9,7,1,1,1,3.9,1,1,0.84,1.78,92.0,0.0,0,30.5
35,26.04747391430884,,,5,0,3.35,7.72,5,1,0,0,2.6,1,1,0.83,5.51,108.0,0.0,1,21.5
35,19.183901428220324,,,1,0,1.81,10.06,5,0,0,0,1.7,0,0,0.93,1.11,92.0,0.0,0,36.6
29,28.12529096615585,,,30,1,1.02,3.63,3,1,1,1,6.41,1,1,0.9,2.66,123.0,1.0,0,6014.66
35,25.72016052955737,,,18,1,3.39,22.0,4,1,0,1,6.65,1,1,0.92,2.42,100.0,1.0,0,5418.6
24,27.30310652970549,,,6,0,1.99,3.33,6,1,0,0,3.02,1,0,0.92,2.0,80.0,1.0,0,22.5
26,25.53569099531117,,,8,0,2.54,3.59,5,0,0,1,12.6,1,0,0.81,0.25,123.0,0.0,1,26.6
32,20.771506634363515,,,3,0,8.96,5.1,5,0,0,0,0.86,0,0,0.84,4.3,97.0,0.0,0,29.8
40,22.603586352312625,,,20,0,0.02,1.0,5,0,0,0,2.26,0,0,0.89,1.52,125.0,0.0,0,55.9
36,23.50620236925093,,,8,0,0.25,1.63,6,1,0,1,3.41,0,0,0.89,0.81,116.0,0.0,0,18.5
28,28.521604762418104,,,6,0,0.75,8.96,5,0,1,1,2,0,1,0.84,1.04,92.0,0.0,0,20.0
32,22.758939001862043,,,13,1,2018.0,4.33,5,1,0,0,7.7,0,0,0.89,2.1,93.0,0.0,1,41.04
40,23.77923449437274,,,20,0,0.02,1.0,5,0,0,0,2.26,0,0,0.89,1.52,125.0,0.0,0,55.9
38,22.13157039703246,,,6,0,0.71,4.84,5,0,0,0,2.38,0,0,0.85,1.48,91.0,0.0,0,21.2
34,20.934493965439813,,,10,1,5.57,6.47,6,1,1,0,5.4,0,1,0.89,3.01,100.0,1.0,0,35.8
30,24.857791179960586,,,5,0,14.69,7.78,9,0,0,0,3.3,0,0,0.83,2.9,100.0,1.0,1,56.3
31,20.671741638276927,,,9,0,9.99,60.37,5,1,0,0,15.3,0,0,0.91,1.0,92.0,0.0,1,25.6
33,24.63903718935292,,,10,0,0.56,3.35,5,0,0,1,0.84,1,0,0.89,2.98,106.0,0.0,1,23.8
34,23.17367923394749,,,18,1,6.37,5.48,7,0,1,1,0.91,0,1,0.89,2.93,100.0,1.0,1,12.3
32,19.873215382466512,,,2,0,4.5,4.79,6,1,0,1,4.7,0,0,0.94,2.0,112.0,0.0,0,22.6
36,28.949684380560832,,,11,1,6.64,7.47,4,1,0,1,1.8,1,0,0.95,5.0,92.0,1.0,0,19.9
40,25.37927913806137,,,11,0,5.0,6.2,5,1,0,0,1.03,1,0,0.9,7.27,100.0,1.0,1,27.6
24,19.36807190621546,,,14,0,9.38,3.74,5,0,0,0,18.2,0,0,0.93,1.69,92.0,0.0,0,26.9
29,27.380332412602403,,,4,1,1.56,3.27,6,1,1,1,0.2,1,1,0.95,2.38,85.0,1.0,0,10.1
27,24.801872496396484,,,13,0,3.9,5.95,5,0,0,0,5.4,0,0,0.94,2.21,92.0,0.0,0,24.2
33,16.01476103351458,,,5,0,0.47,3.88,5,1,0,1,2.25,0,0,0.93,1.42,107.0,0.0,0,27.6
26,24.532709217875823,,,8,0,2.54,3.59,5,0,0,1,12.6,1,0,0.81,0.25,123.0,0.0,1,26.6
32,27.515416469126297,,,7,0,1.43,2.47,5,1,0,1,7,1,0,0.92,3.64,108.0,0.0,0,87.2
41,18.32432148673988,,,3,0,1.27,4.41,5,1,1,1,10,0,1,0.97,2.19,100.0,1.0,0,25.456
35,26.087445521701103,,,12,0,1.16,2.36,5,0,0,0,17.1,0,0,0.79,3.85,120.0,0.0,0,25.8
25,19.905309427011467,,,7,0,0.9,3.98,5,0,0,1,2.26,0,0,0.81,3.57,84.0,0.0,0,43.8
42,25.37881552713817,,,9,0,0.2,2.97,5,1,0,1,12.8,0,0,0.89,3.58,107.0,1.0,0,23.1
32,23.145096438281627,,,12,0,1.43,3.98,5,1,0,0,4.6,0,1,0.89,4.29,80.0,1.0,1,26.1
38,24.830344562044377,,,13,1,3.26,8.15,4,1,0,1,10.6,1,0,0.94,7.02,92.0,1.0,0,16.7
33,22.134907582206274,,,12,0,2.63,4.09,6,1,0,1,10.3,0,0,0.88,1.08,100.0,1.0,1,27.2
27,33.37612046990871,,,5,0,5.33,7.26,4,1,0,1,4.3,1,0,0.95,6.07,93.0,1.0,0,21.8
28,15.570180700288676,,,15,0,0.63,2.59,5,1,0,1,5.8,0,0,0.86,5.74,84.0,0.0,0,39.3
27,31.83215853699479,,,2,1,2.49,4.6,6,1,0,1,17.5,0,0,0.92,6.48,92.0,0.0,0,26.6
32,30.091667166197105,,,21,1,4.3,6.55,3,1,0,1,8,1,1,0.9,2.27,85.0,1.0,0,36.6
36,22.91884418962452,,,2,0,3.97,7.4,5,0,1,0,4.9,0,0,0.94,2.12,138.0,0.0,0,17.9
33,25.986395042227805,,,14,1,12.04,5.02,2,1,0,0,0.8,0,0,0.95,3.15,100.0,1.0,0,40.2
45,23.663673588845064,,,6,0,3.05,5.27,6,1,0,1,2.5,0,0,0.92,3.69,100.0,0.0,1,37.9
35,25.486991810396567,,,5,0,1.23,4.62,7,1,1,1,1.1,1,1,0.95,1.17,92.0,1.0,0,27.2
32,26.46541980634262,,,10,0,0.72,2.49,5,0,0,0,6.55,0,0,0.87,0.75,92.0,0.0,0,45.36
27,27.643988536929623,,,8,0,2.79,5.32,5,0,0,0,2.29,0,0,0.83,6.81,116.0,0.0,0,22.5
26,33.94842500538025,,,12,0,2.73,5.9,9,0,0,0,2.36,0,0,0.89,1.7,92.0,0.0,0,45.35
21,31.52752415069263,,,18,1,1.39,3.41,3,1,1,1,14.7,1,1,0.86,5.0,85.0,1.0,0,33.7
32,25.43491160691753,,,5,0,2.62,5.01,5,0,0,1,0.29,1,0,0.84,1.93,92.0,1.0,1,9.4
28,23.30061448327613,,,10,0,0.22,2.9,7,1,1,1,3.9,1,1,0.84,1.78,92.0,0.0,0,30.5
28,22.31164929377302,,,6,0,4.97,5.2,5,0,0,1,1.91,1,0,0.95,2.74,100.0,1.0,0,9.01
40,27.310183397892985,,,3,1,1.64,4.38,5,1,0,0,10.8,1,0,0.95,3.74,100.0,1.0,0,18.3
38,21.66941115085299,,,6,0,0.71,4.84,5,0,0,0,2.38,0,0,0.85,1.48,91.0,0.0,0,21.2
24,19.6826769555126,,,14,0,9.38,3.74,5,0,0,0,18.2,0,0,0.93,1.69,92.0,0.0,0,26.9
33,17.78211678817313,,,17,0,4.51,7.05,5,0,0,0,12,0,0,0.86,8.47,100.0,0.0,0,28.6
35,28.28706978719573,,,18,1,0.6,1.59,4,1,1,1,5.57,1,0,0.92,1.58,98.0,1.0,1,46.58
32,22.352133773619837,,,13,1,2018.0,4.33,5,1,0,0,7.7,0,0,0.89,2.1,93.0,0.0,1,41.04
40,26.137123204027883,,,19,0,3.44,6.56,5,0,0,0,16,0,1,0.89,5.0,92.0,1.0,1,21.6
39,21.983891977020164,,,12,0,2.0,3.8,5,0,0,0,4.13,0,0,0.88,4.35,100.0,0.0,0,23.7
27,23.337848770393745,,,8,0,1.08,2.1,5,1,0,1,1.14,0,0,0.92,3.4,100.0,0.0,0,25.4
38,22.634033316744237,,,11,0,2.42,8.49,5,0,0,0,3.22,0,0,0.85,4.45,130.0,0.0,0,45.3
31,27.16151222501788,,,6,0,0.26,2.95,5,1,1,1,0.9,0,0,0.95,3.23,92.0,0.0,1,25.5
25,19.61757274440524,,,7,0,0.9,3.98,5,0,0,1,2.26,0,0,0.81,3.57,84.0,0.0,0,43.8
37,23.60217314961696,,,9,0,0.35,2.91,5,1,0,0,a,0,0,0.94,16.0,100.0,0.0,1,38.6
25,32.37693596458496,,,15,0,5.16,7.1,5,0,0,1,2.31,1,0,0.9,2.15,100.0,1.0,0,31.4
29,24.60938566724729,,,8,1,12.95,6.65,4,0,0,1,6.86,1,0,0.88,1.89,116.0,0.0,0,21.22
30,19.98639327529728,,,10,0,2.81,5.74,6,1,0,1,3.5,0,0,0.92,1.84,92.0,1.0,0,31.2
32,18.941193552696163,,,2,0,3.27,4.52,6,1,1,0,2.6,0,0,0.89,1.4,115.0,0.0,0,18.8
36,23.564153129546984,,,5,0,1.78,5.21,5,1,0,0,0.9,0,0,0.89,1.87,100.0,1.0,0,25.9
40,23.50340835983323,,,7,0,3.83,4.8,5,0,0,1,8.1,0,0,0.88,1.98,115.0,1.0,0,44.1
28,24.961888047756528,,,21,1,1.19,2.41,3,1,0,0,1.56,1,1,0.83,3.44,100.0,1.0,0,23.14
31,25.74575173603717,,,13,0,0.24,1.58,6,1,0,1,5.1,1,0,0.9,6.91,87.0,1.0,0,25.6
38,23.94506000379428,,,4,0,5.75,6.81,5,0,0,0,2.2,0,0,0.97,1.22,100.0,0.0,0,25.3
33,22.713065763929045,,,13,0,3.07,4.86,5,0,0,0,1.54,1,0,0.86,12.18,91.0,0.0,0,38.0
35,19.566472246308937,,,10,0,1.28,3.08,5,0,1,0,4.8,0,0,0.85,1.51,100.0,0.0,0,30.9
35,26.44619894871819,,,3,0,1.01,3.91,6,1,0,0,1.2,0,1,0.92,2.45,115.0,1.0,0,20.7
23,23.106660163989268,,,16,1,3.25,6.23,2,0,1,1,4,1,0,0.89,0.05,92.0,1.0,1,24.9
31,20.261859262595863,,,25,1,0.37,2.12,5,0,1,1,7.21,0,1,0.94,5.01,100.0,1.0,0,32.1
40,22.736686695384638,,,5,0,1.94,5.01,5,0,0,1,4.5,0,0,0.79,2.08,98.0,0.0,1,52.2
39,23.061099819310016,,,16,0,5.1,10.29,4,0,0,0,6.3,0,0,0.88,1.48,92.0,0.0,0,23.4
40,25.30067555598882,,,11,0,5.0,6.2,5,1,0,0,1.03,1,0,0.9,7.27,100.0,1.0,1,27.6
39,24.011417178887328,,,8,0,3.37,4.61,5,0,0,1,3.3,1,0,0.88,4.33,100.0,0.0,0,29.0
25,18.1349922268843,,,11,1,3.09,6.58,3,1,0,1,1.25,1,0,0.91,0.85,100.0,0.0,0,30.2
34,25.035740945553545,,,6,0,3.45,6.42,5,0,0,1,10.9,1,0,0.87,2.64,100.0,0.0,0,39.1
29,25.59547037742286,,,11,0,9.28,6.76,2,0,0,0,2.3,0,0,0.87,1.2,92.0,0.0,0,50.2
35,25.071340418210195,,,25,1,2.67,3.71,5,1,0,0,9.7,0,1,0.87,2.97,93.0,1.0,1,15.0
40,14.471810707511183,,,11,0,1.6,5.01,3,0,0,0,8.5,0,0,0.93,5.0,88.0,1.0,1,27.7
27,22.919343562681657,,,2,1,2.23,4.97,5,0,0,0,16.9,0,0,0.89,1.94,93.0,1.0,1,23.6
36,24.31542548641501,,,6,0,2.46,4.75,5,1,0,1,4.8,0,0,0.89,0.95,92.0,1.0,0,25.4
29,22.222276227081373,,,2,0,4.32,5.71,5,0,0,0,9.1,0,1,0.89,3.98,123.0,1.0,1,19.7
30,25.86762244064566,,,10,0,3.85,5.59,5,0,0,0,0.56,0,0,0.94,3.0,88.0,0.0,1,30.3
35,25.735296398060488,,,7,0,3.42,6.52,5,0,0,1,2.5,1,0,0.92,0.77,92.0,1.0,0,20.0
35,24.1521265121639,,,25,0,2.67,3.71,6,1,1,0,9.7,0,0,0.94,2.97,93.0,1.0,1,15.0
32,22.755231084756705,,,13,0,2.11,4.33,5,0,0,1,7.7,0,0,0.94,2.1,93.0,0.0,1,41.0
31,28.632660178204745,,,6,0,1.54,7.8,4,1,0,1,2.5,1,0,0.95,2.06,83.0,1.0,1,10.4
35,24.734269019349156,,,7,0,3.42,6.52,5,0,0,1,2.5,1,0,0.92,0.77,92.0,1.0,0,20.0
41,23.840090658190142,,,1,0,1.51,7.37,5,0,0,0,2.4,0,0,0.79,15.68,92.0,0.0,1,25.6
34,23.94960239930804,,,10,1,0.89,5.34,5,1,1,0,1.89,0,0,0.84,0.65,100.0,1.0,0,21.5
30,27.5559837561604,,,4,0,0.2,1.76,4,0,1,1,2,0,1,0.95,0.94,92.0,0.0,1,35.8
28,24.18940934826741,,,12,0,0.27,4.16,6,1,1,0,4.8,0,0,0.88,6.31,100.0,0.0,1,17.4
35,27.64755943676034,,,7,0,1.15,4.83,5,1,0,0,4.3,0,0,0.79,2.26,85.0,0.0,0,19.2
37,28.8108038017951,,,4,0,2.36,8.06,5,0,0,0,1.22,0,0,0.86,16.41,76.0,0.0,0,33.4
35,25.033476340551484,,,25,0,2.67,3.71,6,1,1,0,9.7,0,0,0.94,2.97,93.0,1.0,1,15.0
27,23.24572935341743,,,2,1,2.23,4.97,5,0,0,0,16.9,0,0,0.89,1.94,93.0,1.0,1,23.6
32,27.53091982024176,,,6,0,0.13,3.68,6,1,0,0,2.28,1,1,0.93,2.64,92.0,0.0,1,27.1
32,19.42327771846027,,,2,0,4.5,4.79,6,1,0,1,4.7,0,0,0.94,2.0,112.0,0.0,0,22.6
30,30.224233383785336,,,41,1,2.78,6.18,3,1,1,1,3.84,1,1,0.84,4.28,100.0,1.0,1,25.14
33,28.87773548031819,,,17,1,7.85,5.42,5,1,1,0,1.25,1,1,0.95,1.31,146.0,1.0,0,12.8
38,29.271200090124875,,,4,0,1.35,4.32,5,1,1,0,2.8,1,0,0.88,1.12,100.0,1.0,0,20.5
28,23.3347193971076,,,6,0,4.97,5.2,5,0,0,1,1.91,1,0,0.95,2.74,100.0,1.0,0,9.01
32,29.226748869684695,,,21,1,4.3,6.55,3,1,0,1,8,1,1,0.9,2.27,85.0,1.0,0,36.6
28,28.204355414184057,,,12,0,2.72,5.3,5,0,1,1,1.86,1,0,0.9,2.49,90.0,1.0,0,61.58
36,27.991180426369343,,,4,0,5.35,4.95,5,0,0,0,5.8,0,0,0.88,3.17,92.0,0.0,0,56.45
26,19.34002757713294,,,3,0,2.04,4.1,5,0,0,1,14.6,0,0,0.94,0.3,93.0,1.0,1,12.2
30,28.25525754822656,,,11,0,3.4,6.02,5,0,0,0,1.4,0,1,0.79,1.33,100.0,0.0,0,26.87
26,29.61900929125277,,,15,1,8.34,3.63,5,1,1,0,26.4,1,0,0.94,2.29,93.0,1.0,0,22.4
31,23.3512939758183,,,21,1,7.48,6.53,4,0,0,0,6.09,0,1,0.84,2.31,84.0,0.0,1,30.8
37,23.78052232729233,,,33,1,0.79,2.06,2,1,0,1,5.7,1,1,0.92,4.62,110.0,1.0,0,35.7
38,28.378776874439808,,,24,1,2.53,10.52,2,1,1,1,10.07,1,1,0.86,1.32,83.2,1.0,0,70.53
31,20.15447545984409,,,7,0,4.79,3.83,5,1,0,1,2.2,0,0,0.92,0.45,85.0,0.0,1,32.6
30,20.94845997732597,,,7,0,4.09,7.04,5,0,0,1,7.8,0,0,0.89,1.54,95.0,1.0,1,31.8
33,16.3314563336323,,,5,0,0.47,3.88,5,1,0,1,2.25,0,0,0.93,1.42,107.0,0.0,0,27.6
31,22.053240258453364,,,10,0,0.35,1.8,6,1,0,1,1.5,0,0,0.92,0.53,100.0,1.0,0,34.0
27,21.128277943964203,,,21,1,0.33,2.62,8,1,1,1,10,1,0,0.84,1.58,100.0,1.0,0,34.1
28,21.69417972927519,,,8,0,3.75,5.57,5,0,0,0,5.5,0,1,0.93,2.08,100.0,0.0,0,32.0
24,22.846261975444907,,,8,0,3.01,5.45,5,0,0,1,1.6,0,0,0.82,3.46,92.0,0.0,0,19.5
32,21.501748608952003,,,3,0,3.37,9.14,5,0,0,0,0.71,0,0,0.88,0.58,116.0,0.0,1,36.3
27,17.149688153705863,,,21,1,3.07,5.4,5,0,0,0,9,0,1,0.89,6.75,100.0,1.0,1,23.1
28,19.292382906167973,,,6,0,3.68,7.95,5,0,0,0,2.07,0,0,0.83,0.68,92.0,1.0,0,17.1
34,25.7824705692129,,,6,0,3.45,6.42,5,0,0,1,10.9,1,0,0.87,2.64,100.0,0.0,0,39.1
36,27.415241986823474,,,20,0,1.2,4.24,5,0,0,0,8.98,0,0,0.88,2.8,134.0,0.0,0,11.3
35,25.915123982919543,,,5,0,4.26,5.5,12,0,0,0,5.23,0,0,0.86,3.95,93.0,0.0,0,37.65
28,25.28347031473698,,,15,0,10.5,6.5,5,0,0,0,11.2,0,0,0.97,1.83,100.0,0.0,0,33.0
25,33.45448266544605,,,15,0,5.16,7.1,5,0,0,1,2.31,1,0,0.9,2.15,100.0,1.0,0,31.4
28,27.12680642264227,,,31,1,2.43,4.66,5,0,0,0,8.46,0,0,0.88,4.64,104.0,0.0,0,18.7
38,27.11189624967734,,,13,1,3.26,8.15,4,1,0,1,10.6,1,0,0.94,7.02,92.0,1.0,0,16.7
31,23.750287887836397,,,17,0,0.42,2.8,5,0,0,0,2.34,0,0,0.82,1.88,138.0,0.0,0,32.2
29,25.61074473556846,,,8,0,0.42,5.36,5,0,0,0,1.8,1,1,0.84,0.69,108.0,0.0,1,15.3
35,24.418923808802067,,,25,1,2.67,3.71,5,1,0,0,9.7,0,1,0.87,2.97,93.0,1.0,1,15.0
28,22.50970095628565,,,20,1,1.61,4.0,6,1,0,1,4.6,0,1,0.87,1.15,100.0,1.0,0,34.4
35,30.10893153671448,,,31,1,0.44,3.13,5,0,1,1,3.49,1,1,0.81,0.76,108.0,1.0,0,31.2
22,24.980295508393933,,,6,1,5.78,6.44,5,0,1,0,8.8,1,1,0.76,2.96,85.0,1.0,0,41.7
31,21.677357305335804,,,8,0,1.49,1.06,3,1,0,0,0.6,0,0,0.89,3.02,115.0,0.0,1,12.0
32,22.3686805478834,,,3,0,8.96,5.1,5,0,0,0,0.86,0,0,0.84,4.3,97.0,0.0,0,29.8
31,21.839061067925016,,,10,0,0.35,1.8,6,1,0,1,1.5,0,0,0.92,0.53,100.0,1.0,0,34.0
28,26.85471611299452,,,10,0,1.03,4.44,6,0,0,1,5.7,1,0,0.92,3.67,130.0,1.0,0,15.5
36,23.33909039030374,,,6,0,2.46,4.75,5,1,0,1,4.8,0,0,0.89,0.95,92.0,1.0,0,25.4
26,16.83691529133088,,,9,0,2.53,2.72,6,0,0,0,3.8,0,1,0.89,1.5,130.0,0.0,0,47.8
27,21.934616740077047,,,12,0,1.12,2.63,5,0,0,1,4.66,0,1,0.83,1.0,100.0,1.0,1,41.0
27,23.01411301685087,,,19,1,3.07,5.4,4,1,1,0,9,0,0,0.89,6.75,100.0,0.0,1,23.1
34,21.845337837293588,,,22,0,2.7,3.23,5,0,0,0,16,0,1,0.88,3.92,92.0,0.0,0,21.7
35,28.0432969119319,,,16,0,1.33,4.62,5,1,0,0,3.1,0,0,0.94,4.07,112.0,0.0,0,31.6
23,24.541968480892027,,,2,0,4.1,7.72,5,0,0,0,5.1,0,0,0.94,5.0,92.0,0.0,0,25.9
28,23.65733994738846,,,33,1,0.77,3.44,5,1,1,0,5.25,1,1,0.9,0.75,140.0,1.0,1,43.68
30,24.409393333974577,,,26,1,7.2,4.75,4,1,0,0,7.2,1,1,0.92,4.75,92.0,1.0,0,33.8
38,30.966076953515067,,,4,0,1.35,4.32,5,1,1,0,2.8,1,0,0.88,1.12,100.0,1.0,0,20.5
36,24.78013070479706,,,6,0,2.46,4.75,5,1,0,1,4.8,0,0,0.89,0.95,92.0,1.0,0,25.4
26,18.900168003506405,,,12,0,4.04,6.28,6,1,0,1,1.9,0,0,0.94,2.11,120.0,0.0,0,23.8
36,22.32501206116694,,,1,0,2.78,11.96,6,0,0,0,3.7,0,0,0.93,2.87,92.0,0.0,0,22.5
32,24.05402798344021,,,3,0,2.02,2.17,6,1,0,0,0.2,1,0,0.89,4.78,115.0,1.0,0,17.3
34,25.879218703871235,,,12,0,2.3,4.08,5,0,0,0,4.13,0,0,0.89,1.25,116.0,0.0,0,28.6
27,25.83436192014594,,,13,0,3.36,7.9,4,0,0,0,7,0,0,0.95,2.28,80.0,1.0,0,42.12
33,21.97093305905073,,,11,0,4.03,6.68,2,1,0,1,10.7,0,0,0.92,2.38,85.0,1.0,0,45.4
23,21.2891718680166,,,17,0,1.8,5.32,5,0,0,0,2.1,0,0,0.84,5.17,70.0,0.0,0,14.0
27,21.945667990495107,,,2,1,2.23,4.97,5,0,0,0,16.9,0,0,0.89,1.94,93.0,1.0,1,23.6
29,23.24495499597982,,,23,0,7.45,7.11,9,0,0,0,4.07,0,0,0.82,5.0,91.0,0.0,0,23.6
28,15.971277692910718,,,15,0,0.63,2.59,6,1,0,0,5.8,0,1,0.86,5.74,84.0,1.0,0,39.3
31,21.385865560322788,,,7,0,4.79,3.83,5,1,0,1,2.2,0,0,0.92,0.45,85.0,0.0,1,32.6
24,22.486525204789466,,,9,0,3.34,7.7,5,0,0,0,3.7,0,0,0.93,3.85,92.0,0.0,0,19.7
23,24.81773895787706,,,18,1,1.29,3.18,4,1,0,1,6.2,0,1,0.92,0.9,106.0,1.0,1,30.1
30,26.331572291075837,,,26,1,7.2,4.75,4,1,0,0,7.2,1,1,0.92,4.75,92.0,1.0,0,33.8
22,22.976713606597684,,,19,0,2.66,4.36,4,1,0,0,3.7,0,0,0.95,2.08,115.0,0.0,0,21.4
33,21.85741379458871,,,38,1,1.22,3.84,5,1,1,1,5.67,1,0,0.8,2.48,100.0,1.0,1,54.7
29,27.112710515445087,,,10,0,4.19,6.11,5,1,0,0,1.89,1,0,0.84,3.27,91.0,1.0,0,15.0
24,19.193644283310743,,,13,1,1.66,3.26,3,1,0,0,1.5,0,1,0.82,2.41,92.0,1.0,0,28.4
35,26.43390788560009,,,3,0,1.01,3.91,6,0,0,1,1.2,1,0,0.92,2.45,115.0,0.0,0,20.7
39,26.022829521255712,,,2,0,1.49,8.91,4,0,0,1,0.37,0,0,0.94,2.31,93.0,0.0,1,25.5
29,26.921054453694303,,,19,1,1.92,4.52,5,0,1,1,12.7,1,1,0.84,1.68,100.0,0.0,1,22.7
30,26.55774284748008,,,13,0,0.92,0.21,5,1,0,1,2.17,1,0,0.92,1.75,77.0,1.0,0,22.9
27,33.523771992254865,,,5,0,5.33,7.26,4,1,0,1,4.3,1,0,0.95,6.07,93.0,1.0,0,21.8
26,19.36155873023101,,,3,0,2.04,4.1,5,0,0,1,14.6,0,0,0.94,0.3,93.0,1.0,1,12.2
30,23.68600040147601,,,17,0,0.3,1.48,5,0,0,0,3.86,0,0,0.88,1.44,116.0,0.0,0,16.9
31,23.09686950474292,,,20,1,0.9,1.8,2,1,1,0,15,0,1,0.9,1.86,92.0,1.0,0,23.6
31,11.939137741314816,,,13,1,6.63,3.99,3,0,1,1,17.6,0,1,0.88,1.3,133.0,1.0,0,19.57
37,31.6929089839603,,,26,1,3.22,9.22,5,0,1,1,10.25,1,1,0.93,1.68,350.0,1.0,0,48.96
36,24.157753460657773,,,2,0,3.97,7.4,5,0,1,0,4.9,0,0,0.94,2.12,138.0,0.0,0,17.9
37,25.23106691324628,,,2,0,5.1,9.1,6,0,0,0,2.01,1,1,0.84,2.85,91.0,1.0,0,17.1
41,22.8448508404208,,,3,0,2.35,9.66,5,0,0,0,5.8,0,0,0.89,3.27,115.0,0.0,0,36.55
31,21.20914756752164,,,24,1,1.75,4.96,6,1,0,0,1.1,0,1,0.86,2.2,93.0,0.0,1,25.7
38,23.362808197730907,,,13,0,0.78,8.36,5,0,0,0,2.4,1,0,0.8,2.43,92.0,0.0,0,13.5
27,23.15759002419776,,,13,0,0.09,3.14,5,1,0,1,4.6,0,0,0.85,0.04,84.0,0.0,0,47.0
26,18.776422265119365,,,14,0,3.13,5.09,4,0,1,0,8.75,0,0,0.78,2.56,73.0,0.0,0,9.6
30,23.658465347412527,,,5,0,14.69,7.78,9,0,0,0,3.3,0,0,0.83,2.9,100.0,1.0,1,56.3
38,21.09567056397715,,,16,0,2.62,4.3,3,1,0,1,11,0,0,0.88,2.42,80.0,1.0,0,29.4
41,26.845693790156982,,,16,0,3.6,4.74,7,0,1,0,9.1,1,1,0.93,1.09,85.0,1.0,0,31.6
27,32.06461888172543,,,2,1,2.49,4.6,6,1,0,1,17.5,0,0,0.92,6.48,92.0,0.0,0,26.6
37,28.922718997408357,,,4,0,2.36,8.06,5,0,0,0,1.22,0,0,0.86,16.41,76.0,0.0,0,33.4
32,24.726970711973856,,,10,0,1.53,3.84,4,1,0,0,7.7,0,1,0.91,0.95,98.0,1.0,1,16.7
29,24.373501548355406,,,25,1,6.82,5.43,4,1,1,1,3.65,1,0,0.86,3.55,91.0,1.0,0,26.6
31,25.32712094602152,,,13,0,3.39,2.49,6,1,0,0,3.1,0,1,0.89,1.62,92.0,1.0,0,24.1
34,31.43521128324817,,,9,0,1.97,4.86,11,0,1,0,17,0,1,0.88,1.04,108.0,1.0,1,39.4
29,20.92932420486996,,,10,0,3.68,5052.0,6,1,0,1,3.5,0,0,0.92,0.83,108.0,1.0,0,28.6
30,24.9723299385573,,,17,0,0.3,1.48,5,0,0,0,3.86,0,0,0.88,1.44,116.0,0.0,0,16.9
37,25.274661332603547,,,12,0,3.28,8.06,4,0,1,1,0.9,0,0,0.98,1.74,107.0,1.0,0,24.3
32,26.65353791515466,,,2,0,0.52,2.65,5,0,0,0,3.64,0,0,0.86,2.03,80.0,0.0,0,25.22
25,18.14709973581024,,,11,1,3.09,6.58,3,1,0,1,1.25,1,0,0.91,0.85,100.0,0.0,0,30.2
29,26.790390001658995,,,11,1,1.0,3.18,6,0,1,1,2.1,1,1,0.93,2.47,92.0,1.0,0,31.6
45,35.80988077086202,,,25,1,0.2,65.4,4,1,1,1,11.1,1,1,0.91,2.96,86.0,1.0,0,18.7
27,18.077699198423502,,,21,1,3.07,5.4,5,0,0,0,9,0,1,0.89,6.75,100.0,1.0,1,23.1
31,21.977675035940187,,,9,0,9.99,60.37,5,1,0,0,15.3,0,0,0.91,1.0,92.0,0.0,1,25.6
38,19.567107906863395,,,6,0,2.18,3.18,9,0,0,0,2.13,0,0,0.81,5.71,84.0,0.0,0,18.9
33,25.89009374464441,,,30,1,1.17,2.5,5,1,0,1,20,1,1,0.89,2.53,92.0,1.0,0,35.1
28,29.94489456468132,,,11,0,4.6,3.7,5,0,0,1,12,1,1,0.95,1.7,85.0,1.0,0,10.8
27,21.709186511554066,,,8,0,1.08,2.1,5,1,0,1,1.14,0,0,0.92,3.4,100.0,0.0,0,25.4
29,24.708208443147164,,,8,1,12.95,6.65,4,0,0,1,6.86,1,0,0.88,1.89,116.0,0.0,0,21.22
29,24.55034055253628,,,6,0,4.25,3.62,5,0,0,0,3.3,1,0,0.82,1.67,100.0,0.0,0,17.5
41,28.22476619041795,,,6,0,6.65,6.52,3,0,0,1,4.5,1,1,0.9,0.58,100.0,1.0,0,18.6
23,21.79605189473095,,,8,0,5.98,9.59,2,0,0,1,2.9,0,0,0.89,3.63,92.0,0.0,1,21.1
31,27.161527172306883,,,13,0,0.24,1.58,6,1,0,1,5.1,1,0,0.93,6.91,87.0,0.0,0,25.6
28,31.72597651802712,,,22,1,3.03,5.5,2,1,1,1,20.4,1,0,0.88,20.85,110.0,1.0,0,10.5
37,20.69251893770137,,,2,0,4.364,15.45,5,0,0,0,4.91,0,0,0.89,1.2,98.0,0.0,0,29.47
25,23.808156810545825,,,24,1,3.57,3.8,3,0,1,1,7.25,1,1,0.95,3.9,90.0,1.0,0,55.6
28,27.626236564407048,,,21,1,3.58,3.41,5,0,1,0,19,1,1,0.86,1.13,120.0,1.0,1,18.8
28,22.23523674688153,,,26,0,3.23,4.73,6,1,0,1,1.68,0,0,0.94,1.22,115.0,0.0,0,33.55
30,16.073309960234727,,,23,1,0.46,8.25,4,0,0,0,0.98,0,0,0.86,3.51,84.0,0.0,1,30.5
27,23.81105640205589,,,13,0,0.09,3.14,5,1,0,1,4.6,0,0,0.85,0.04,84.0,0.0,0,47.0
38,18.59357346120274,,,16,0,2.44,3.71,5,1,0,0,3.05,0,0,0.84,0.54,100.0,1.0,1,42.5
31,23.17495309230937,,,21,1,7.48,6.53,4,0,0,0,6.09,0,1,0.84,2.31,84.0,0.0,1,30.8
30,20.635941213540487,,,2,0,0.3,4.63,3,1,0,0,2.8,0,0,0.92,1.13,92.0,1.0,0,36.9
24,25.3519453499339,,,30,1,2.73,5.97,5,1,0,1,4.5,1,1,0.84,3.3,125.0,1.0,0,19.3
38,22.757373683115507,,,13,0,0.78,8.36,5,0,0,0,2.4,1,0,0.8,2.43,92.0,0.0,0,13.5
28,27.57166443419619,,,12,0,2.72,5.3,5,0,1,1,1.86,1,0,0.9,2.49,90.0,1.0,0,61.58
36,27.034952742505133,,,3,0,2.96,4.86,5,0,0,0,1.92,0,0,0.82,5.0,100.0,0.0,0,26.0
47,24.39881165558392,,,25,1,0.25,1.88,7,1,0,0,6.2,0,0,0.92,2.47,92.0,1.0,1,12.1
22,22.780628558508838,,,16,0,3.67,4.69,6,1,0,1,3.9,0,0,0.87,3.62,100.0,1.0,0,35.5
35,23.25821103007799,,,8,0,1.32,4.08,6,1,0,1,6.33,0,0,0.89,4.02,85.0,1.0,1,23.4
29,20.07399975142554,,,9,0,1.81,2.01,5,0,0,0,2.7,0,0,0.88,1.34,100.0,1.0,1,23.5
35,27.922124484059832,,,5,0,3.35,7.72,5,1,0,0,2.6,1,1,0.83,5.51,108.0,0.0,1,21.5
24,28.35314766757177,,,19,1,9.9,5.9,4,1,1,1,11.48,1,0,0.88,1.73,91.0,1.0,0,25.69
34,29.54103281894782,,,20,1,1.36,4.54,5,1,0,1,10.2,1,0,0.9,2.33,130.0,1.0,0,18.2
33,31.872091014050632,,,25,1,0.72,3.45,7,1,0,1,0.7,1,1,0.87,0.73,100.0,1.0,0,16.7
30,26.99991184026477,,,11,0,3.4,6.02,5,0,0,0,1.4,0,1,0.79,1.33,100.0,0.0,0,26.87
28,27.79041354481332,,,10,1,0.27,5.81,5,1,1,1,3.66,1,0,0.91,0.83,100.0,1.0,0,52.3
34,19.53579768767696,,,9,0,3.48,3.1,5,0,0,0,7.9,0,0,0.93,2.17,103.0,0.0,0,27.1
36,34.513992304532486,,,28,1,2.22,7.1,3,1,1,1,2.8,1,1,0.91,4.23,130.0,1.0,0,35.1
34,24.358695469716757,,,8,0,1.83,6.98,6,1,0,1,1.4,1,1,0.81,2.96,110.0,1.0,0,56.9
27,23.37291042530225,,,19,1,2.04,4.3,5,0,0,0,0.19,1,0,0.95,3.65,107.0,0.0,0,21.8
35,27.840039170387897,,,1,0,3.23,6.51,3,0,0,0,1.2,1,0,0.95,4.61,100.0,1.0,0,27.2
29,26.329847933778865,,,8,0,0.42,5.36,5,0,0,0,1.8,1,1,0.84,0.69,108.0,0.0,1,15.3
40,24.021543531209943,,,3,0,2.97,5.13,6,1,0,1,1.3,0,0,0.92,2.78,146.0,0.0,0,16.1
37,25.008159647772736,,,2,0,5.1,9.1,6,0,0,0,2.01,1,1,0.84,2.85,91.0,1.0,0,17.1
23,23.30327460142694,,,2,0,4.1,7.72,5,0,0,0,5.1,0,0,0.94,5.0,92.0,0.0,0,25.9
27,24.58057726664848,,,6,0,0.67,1.85,6,1,0,1,3,0,0,0.89,2.13,92.0,0.0,0,34.5
36,32.61934974662134,,,4,0,1.28,6.28,5,0,0,1,2.9,0,0,0.83,3.26,160.0,0.0,0,10.1
34,21.59603997299793,,,14,0,0.51,2.46,5,0,0,0,1,0,0,0.87,2.16,75.0,1.0,0,35.66
32,17.790414742099415,,,8,1,2.06,4.96,11,0,1,1,2.14,0,1,0.85,4.36,92.0,1.0,0,38.25
27,16.161291558726756,,,23,1,5.11,4.25,5,1,1,0,21.8,1,1,0.93,2.08,79.0,1.0,0,23.3
35,26.217147729184514,,,8,0,0.34,9.81,5,1,1,0,3.6,0,0,0.83,2.28,100.0,1.0,1,24.3
30,20.16298685659892,,,28,1,0.26,7.73,4,0,0,0,4.3,0,0,0.97,8.3,85.0,0.0,1,25.7
34,30.610178324691045,,,9,0,1.97,4.86,11,0,1,0,17,0,1,0.88,1.04,108.0,1.0,1,39.4
35,21.19203117042917,,,8,0,5.28,6.27,6,1,0,1,2.36,0,0,0.89,6.95,100.0,0.0,0,27.2
29,27.62246565112498,,,11,0,0.99,6.49,5,0,0,0,2.58,0,0,0.83,1.66,92.0,0.0,0,38.44
33,21.621865126780285,,,12,0,2.63,4.09,6,1,0,1,10.3,0,0,0.88,1.08,100.0,1.0,1,27.2
38,20.817828219084163,,,3,0,0.34,3.75,5,0,0,1,4.8,0,0,0.91,1.26,110.0,0.0,1,20.1
31,26.405258722457404,,,18,0,2.31,6.54,5,0,0,1,10,0,0,0.96,1.41,92.0,0.0,0,22.9
35,24.310756398315785,,,5,0,4.26,5.5,12,0,0,0,5.23,0,0,0.86,3.95,93.0,0.0,0,37.65
35,24.584186132165144,,,5,0,1.23,4.62,7,1,1,1,1.1,1,1,0.95,1.17,92.0,1.0,0,27.2
38,22.237945159986463,,,16,0,2.62,4.3,3,1,0,1,11,0,0,0.88,2.42,80.0,1.0,0,29.4
39,22.628246376485237,,,16,0,5.1,10.29,4,0,0,0,6.3,0,0,0.88,1.48,92.0,0.0,0,23.4
27,22.44085460452857,,,12,0,3.57,5.79,6,1,0,1,3.17,0,0,0.92,1.22,84.0,0.0,0,90.0
28,13.41521283942956,,,1,0,0.25,3.34,9,0,0,0,3.55,0,0,0.81,3.4,84.0,0.0,0,42.3
23,23.55909092622238,,,2,0,4.1,7.72,5,0,0,0,5.1,0,0,0.94,5.0,92.0,0.0,0,25.9
25,25.34320574489445,,,11,0,1.06,4.6,5,0,0,0,3.56,0,0,0.81,3.79,106.0,0.0,0,36.56
34,21.917426815945603,,,2,0,8.71,6.71,5,1,0,1,6.4,0,0,0.89,3.65,100.0,1.0,1,25.8
30,30.211224881001776,,,14,1,0.032,1.98,4,0,1,1,32,1,0,0.84,1.98,100.0,1.0,0,74.5
35,22.051592438365404,,,5,0,2.22,5.04,5,1,0,0,0.28,0,0,0.94,0.81,94.0,0.0,1,25.0
43,13.700158029970371,,,17,0,2.52,12.28,6,1,0,1,0.8,0,0,0.93,1.25,100.0,1.0,1,22.4
29,30.41466672912177,,,21,1,6.42,5.76,3,0,1,0,6,1,1,0.93,0.95,92.0,1.0,0,36.2
37,23.878283121555736,,,12,0,1.43,6.46,5,1,0,0,5.6,1,0,0.89,1.44,82.0,1.0,0,24.1
44,29.48025044548592,,,6,0,3.65,4.21,5,0,0,0,1.7,0,0,0.88,3.99,109.0,0.0,0,34.7
35,24.65379162245184,,,16,1,0.77,1.57,5,1,1,1,2.14,1,1,0.89,4.18,100.0,0.0,0,56.25
29,21.11313631900528,,,11,0,3.26,7.08,5,0,0,1,18.5,1,1,0.89,2.78,140.0,0.0,0,19.0
25,32.7308138263477,,,23,1,1.51,2.0,2,1,1,1,7.94,1,1,0.89,6.51,125.0,1.0,1,31.4
32,23.290023001549716,,,13,0,2.11,4.33,5,0,0,1,7.7,0,0,0.94,2.1,93.0,0.0,1,41.0
40,28.53739985742957,,,6,0,0.6,1.0,6,1,0,0,6.9,1,1,0.9,4.45,92.0,1.0,1,17.1
29,26.494486254754715,,,23,1,2.01,10.206,6,1,1,1,2.01,1,0,0.79,10.89,106.0,1.0,0,13.6
23,21.61911987365404,,,8,0,5.98,9.59,6,1,0,1,2.9,0,0,0.92,3.63,92.0,0.0,0,21.1
27,24.10147409969078,,,8,0,4.95,5.47,5,1,1,1,5.4,1,1,0.95,4.29,92.0,0.0,0,21.4
32,25.290154998687303,,,6,0,0.79,5.64,5,0,0,0,4.27,0,0,0.83,4.14,60.0,0.0,0,37.2
34,28.76896646309421,,,21,1,2.7,4.76,4,1,1,1,22,1,0,0.92,2.3,93.0,1.0,0,22.7
41,17.05905306908108,,,20,1,0.83,3.68,5,1,1,0,1.03,0,1,0.94,1.13,82.0,0.0,0,33.1
36,24.88659515558589,,,8,0,1.25,4.48,6,1,0,1,3.6,0,0,0.9,0.72,107.0,1.0,0,30.1
32,24.457866269571596,,,27,1,0.42,3.13,5,0,0,1,4.57,1,1,0.92,1.45,102.0,1.0,0,21.2
30,24.35406327765037,,,10,0,3.85,5.59,5,0,0,0,0.56,0,0,0.94,3.0,88.0,0.0,1,30.3
40,22.253619522295526,,,3,0,2.97,5.13,6,1,0,1,1.3,0,0,0.92,2.78,146.0,0.0,0,16.1
27,19.30335087502804,,,4,0,0.1,1.85,6,1,1,0,3.5,0,1,0.94,3.79,73.0,0.0,1,22.3
32,20.560015240385937,,,2,0,4.5,4.79,6,1,0,1,4.7,0,0,0.94,2.0,112.0,0.0,0,22.6
31,22.117432874515167,,,5,0,0.34,1.92,6,1,0,0,3.63,0,1,0.83,2.73,91.0,0.0,1,48.0
28,22.365081514908663,,,12,0,2.83,5.71,4,0,1,1,10,1,1,0.91,4.69,100.0,1.0,0,30.3
28,20.04323934857624,,,6,0,3.68,7.95,5,0,0,0,2.07,0,0,0.83,0.68,92.0,1.0,0,17.1
27,23.639723313824565,,,13,0,0.09,3.14,5,1,0,1,4.6,0,0,0.85,0.04,84.0,0.0,0,47.0
31,21.481118021157595,,,8,0,1.49,1.06,3,1,0,0,0.6,0,0,0.89,3.02,115.0,0.0,1,12.0
23,27.098398962183595,,,21,1,5.5,4.42,4,0,0,0,2.53,1,1,0.83,1.79,100.0,1.0,1,54.6
23,23.56516938634807,,,40,1,5.48,4.42,10,1,1,1,3.2,1,1,0.81,3.26,70.0,0.0,0,23.114
37,25.71428258816463,,,11,0,0.99,1.32,5,0,1,1,2.69,1,0,0.92,2.0,113.0,1.0,0,35.8
25,26.79658639434193,,,3,0,1.3,2.82,6,0,0,0,2.85,0,0,0.87,1.86,91.0,0.0,0,17.1
41,23.01481508078592,,,1,0,1.51,7.37,5,0,0,0,2.4,0,0,0.79,15.68,92.0,0.0,1,25.6
31,27.08578707555001,,,19,0,3.46,5.28,5,0,1,1,6.26,0,0,0.92,2.48,116.0,1.0,1,16.25
38,31.25575267177389,,,4,0,1.35,4.32,5,1,1,0,2.8,1,0,0.88,1.12,100.0,1.0,0,20.5
25,21.887404315500355,,,20,1,4.75,4.96,5,1,0,0,3.2,1,1,0.86,2.0,115.0,0.0,1,20.7
32,22.909201972592005,,,13,0,2.11,4.33,5,0,0,1,7.7,0,0,0.94,2.1,93.0,0.0,1,41.0
33,30.97594691432917,,,16,0,1.49,4.74,5,0,0,1,5,0,1,0.82,0.57,100.0,1.0,0,32.4
29,25.620178951326245,,,26,1,0.4,2.91,4,0,1,1,7.51,1,0,0.8,1.64,108.0,1.0,0,31.2
36,21.640775202265345,,,12,0,1.99,3.99,5,0,0,0,2.36,0,0,0.82,2.376,100.0,0.0,0,45.55
25,26.94776953269977,,,5,0,2.86,6.93,5,1,0,1,3.9,0,0,0.94,4.0,84.0,0.0,0,30.8
34,25.03722632641696,,,12,0,0.31,2.85,5,0,0,0,3.05,0,0,0.85,1.51,93.0,0.0,0,42.7
38,22.18488648700353,,,5,0,0.49,1.8,5,0,0,0,0.9,0,0,0.94,1.56,87.0,0.0,0,23.5
29,24.58984541831345,,,6,0,1.47,6.47,3,0,0,0,1.3,0,0,0.89,1.57,92.0,1.0,0,32.4
28,20.56452657934298,,,27,1,4.44,6.22,6,1,1,0,4.2,0,1,0.92,0.64,100.0,1.0,1,26.0
26,25.31771371707737,,,17,1,7.89,7.12,5,1,1,0,8.9,1,0,0.88,2.29,107.0,1.0,0,23.4
29,19.48026460371803,,,13,0,1.06,5.08,6,1,0,1,18.9,0,0,0.97,2.66,110.0,1.0,0,40.3
28,21.64332033572032,,,27,1,4.44,6.22,6,1,1,0,4.2,0,1,0.92,0.64,100.0,1.0,1,26.0
43,14.40717025700154,,,17,0,2.52,12.28,6,1,0,1,0.8,0,0,0.93,1.25,100.0,1.0,1,22.4
27,22.7763081498714,,,6,0,0.67,1.85,6,1,0,1,3,0,0,0.89,2.13,92.0,0.0,0,34.5
40,33.39959836719942,,,18,0,3.22,9.14,5,1,1,0,2.5,0,0,0.96,2.09,92.0,0.0,0,23.4
23,20.08761964624217,,,8,0,5.98,9.59,2,0,0,1,2.9,0,0,0.89,3.63,92.0,0.0,1,21.1
30,20.999038120356108,,,31,0,1.02,2.05,5,0,1,0,3.38,0,1,0.89,1.84,116.0,1.0,1,39.81
28,24.844069749571027,,,5,0,1.48,7.5,5,0,1,0,1.3,0,0,0.94,0.73,86.0,1.0,1,31.1
30,19.012022264962404,,,4,0,4.45,5.64,5,1,0,1,1.68,0,0,0.94,10.22,91.0,0.0,0,29.1
24,21.144935824113272,,,8,0,7.47,5.75,5,0,0,0,2.14,0,0,0.88,3.57,100.0,0.0,0,36.2
27,24.45009289963265,,,6,0,0.67,1.85,6,1,0,1,3,0,0,0.89,2.13,92.0,0.0,0,34.5
30,25.997349246858896,,,5,0,14.69,7.78,9,0,0,0,3.3,0,0,0.83,2.9,100.0,1.0,1,56.3
30,21.84408036330004,,,2,0,0.3,4.63,3,1,0,0,2.8,0,0,0.92,1.13,92.0,1.0,0,36.9
27,18.705840694778573,,,5,0,4.61,8.95,5,0,1,0,0.6,0,0,0.92,4.27,100.0,0.0,0,24.3
27,26.551279403623116,,,24,1,1.75,4.96,5,1,1,0,1.1,1,1,0.91,2.2,93.0,1.0,0,25.7
33,25.28908450248688,,,10,0,0.57,3.21,3,1,0,0,3.14,0,0,0.92,10.96,80.0,1.0,1,28.7
25,22.043241256906526,,,20,1,4.75,4.96,5,1,0,0,3.2,1,1,0.86,2.0,115.0,0.0,1,20.7
26,30.42069327506443,,,15,1,8.34,3.63,5,1,1,0,26.4,1,0,0.94,2.29,93.0,1.0,0,22.4
24,23.774398505886964,,,9,0,3.34,7.7,5,0,0,0,3.7,0,0,0.93,3.85,92.0,0.0,0,19.7
25,25.410973068099224,,,16,1,5.11,6.96,4,1,1,1,9,1,0,0.85,3.06,100.0,1.0,0,33.6
23,21.48227233078674,,,8,0,5.98,9.59,2,0,0,1,2.9,0,0,0.89,3.63,92.0,0.0,1,21.1
32,19.122940472439662,,,5,0,4.22,11.12,5,0,0,0,1.8,0,0,0.82,0.9,110.0,1.0,1,27.9
30,18.070291891160505,,,6,0,0.1,1.0,5,0,0,0,0.72,0,0,0.88,3.26,91.0,1.0,1,33.3
26,28.072699702228505,,,3,0,2.32,6.04,5,0,0,0,0.88,0,0,0.81,65.0,90.0,0.0,0,20.25
22,19.970351190498345,,,16,1,1.0,2.0,5,1,1,1,2.19,1,1,0.84,2.78,107.0,1.0,0,18.7
27,21.54468727824197,,,9,1,2.96,3.19,6,0,1,0,3.65,0,1,0.88,2.96,100.0,1.0,0,36.4
34,20.84775301526403,,,9,0,3.48,3.1,5,0,0,0,7.9,0,0,0.93,2.17,103.0,0.0,0,27.1
27,21.87684183559181,,,12,0,3.57,5.79,6,1,0,1,3.17,0,0,0.92,1.22,84.0,0.0,0,90.0
35,27.05906677758877,,,1,0,3.23,6.51,3,0,0,0,1.2,1,0,0.95,4.61,100.0,1.0,0,27.2
24,21.166098733794,,,8,0,7.47,5.75,5,0,0,0,2.14,0,0,0.88,3.57,100.0,0.0,0,36.2
28,16.54839527051844,,,15,0,0.63,2.59,6,1,0,0,5.8,0,1,0.86,5.74,84.0,1.0,0,39.3
31,25.115240850230517,,,13,0,0.24,1.58,6,1,0,1,5.1,1,0,0.93,6.91,87.0,0.0,0,25.6
26,22.08680480550913,,,2,0,2.14,3.52,5,1,0,1,5.2,0,0,0.89,0.74,115.0,1.0,0,30.1
28,29.977203551692902,,,22,1,3.03,5.5,2,1,1,1,20.4,1,0,0.88,20.85,110.0,1.0,0,10.5
28,24.034654924357703,,,13,1,9.5,4.21,2,0,1,1,15.9,1,0,0.86,0.65,110.0,1.0,1,23.8
27,25.62336095784775,,,15,1,0.55,3.07,5,0,0,1,5.5,1,1,0.89,2.28,80.0,1.0,0,25.1
23,20.7735011557697,,,8,0,5.98,9.59,2,0,0,1,2.9,0,0,0.89,3.63,92.0,0.0,1,21.1
42,22.839807179305293,,,1,0,3.83,6.81,5,0,0,0,5.14,0,0,0.8,1.99,100.0,0.0,0,9.2
31,24.68565677724409,,,19,0,3.46,5.28,5,0,1,1,6.26,0,0,0.92,2.48,116.0,1.0,1,16.25
32,23.71404344920964,,,12,0,1.43,3.98,5,1,0,0,4.6,0,1,0.89,4.29,80.0,1.0,1,26.1
27,25.832640884154195,,,13,0,3.36,7.9,4,0,0,0,7,0,0,0.95,2.28,80.0,1.0,0,42.12
26,17.113756742436063,,,11,0,5.22,6.56,5,0,0,1,7.02,0,0,0.84,1.66,100.0,0.0,0,14.5
35,21.16556094383205,,,8,0,1.94,6.36,5,0,0,0,1.65,0,0,0.85,0.6,108.0,0.0,0,38.2
30,28.31354594532264,,,11,0,3.4,6.02,5,0,0,0,1.4,0,1,0.79,1.33,100.0,0.0,0,26.87
30,31.9202793488115,,,14,1,0.032,1.98,4,0,1,1,32,1,0,0.84,1.98,100.0,1.0,0,74.5
26,24.187215772573552,,,2,0,2.14,3.52,5,1,0,1,5.2,0,0,0.89,0.74,115.0,1.0,0,30.1
28,19.42344625171372,,,6,0,3.68,7.95,5,0,0,0,2.07,0,0,0.83,0.68,92.0,1.0,0,17.1
37,24.35630334807976,,,33,1,0.79,2.06,2,1,0,1,5.7,1,1,0.92,4.62,110.0,1.0,0,35.7
37,28.443121262214973,,,6,0,1.49,4.19,5,0,0,1,9.9,0,0,0.81,1.4,130.0,1.0,1,23.5
31,15.554553918504098,,,13,1,6.63,3.99,2,1,0,0,17.6,0,0,0.96,1.3,133.0,0.0,0,19.5
35,26.63895513115744,,,8,0,0.34,9.81,5,1,1,0,3.6,0,0,0.83,2.28,100.0,1.0,1,24.3
47,21.71423244190044,,,12,0,1.4,4.59,5,1,0,1,3.33,0,0,0.89,5.89,100.0,1.0,0,35.4
35,27.83436399786259,,,19,0,2.1,7.42,5,0,0,0,3.7,0,0,0.82,1.62,108.0,0.0,0,20.1
40,31.30294925978638,,,18,0,3.22,9.14,5,1,1,0,2.5,0,0,0.96,2.09,92.0,0.0,0,23.4
25,23.48200380396916,,,3,0,4.21,5.68,5,0,1,1,10.6,0,0,0.94,2.76,92.0,0.0,0,19.3
34,23.60002648595213,,,12,0,4.75,6.89,4,1,1,0,7.81,0,0,0.83,1.61,98.0,0.0,1,54.01
38,38.73685527472375,,,3,0,2.6,5.01,5,0,0,0,1.03,0,0,0.85,1.87,100.0,0.0,0,36.85
24,33.022711700526806,,,31,1,0.79,3.3,4,1,1,1,2.38,1,1,0.9,2.59,110.0,1.0,0,63.1
32,28.09617782056587,,,6,0,0.13,3.68,6,1,0,0,2.28,1,1,0.93,2.64,92.0,0.0,1,27.1
31,27.90489320631283,,,6,0,1.54,7.8,4,1,0,1,2.5,1,0,0.95,2.06,83.0,1.0,1,10.4
47,22.455124309471984,,,12,0,1.4,4.59,5,1,0,1,3.33,0,0,0.89,5.89,100.0,1.0,0,35.4
23,27.94916461219151,,,19,1,2.34,3.23,2,1,0,1,6.4,1,1,0.84,1.27,92.0,0.0,0,15.9
33,22.111624577659075,,,13,0,3.07,4.86,5,0,0,0,1.54,1,0,0.86,12.18,91.0,0.0,0,38.0
46,22.851691127982537,,,38,1,0.37,2.85,4,0,0,0,16.6,1,0,0.93,1.13,92.0,1.0,0,23.7
25,26.853483556014787,,,16,1,5.11,6.96,4,1,1,1,9,1,0,0.85,3.06,100.0,1.0,0,33.6
26,18.92194326781907,,,14,0,3.13,5.09,4,0,1,0,8.75,0,0,0.78,2.56,73.0,0.0,0,9.6
27,26.39680013254919,,,21,1,1.29,5.74,2,1,1,1,16.8,1,1,0.9,1.51,140.0,1.0,0,23.4
36,27.04105559403139,,,15,1,1.0,5.71,7,1,0,0,7.7,1,0,0.95,2.11,110.0,0.0,0,26.1
44,30.8323550311522,,,6,0,3.65,4.21,5,0,0,0,1.7,0,0,0.88,3.99,109.0,0.0,0,34.7
27,31.33605211942934,,,2,1,2.49,4.6,6,1,0,1,17.5,0,0,0.92,6.48,92.0,0.0,0,26.6
29,28.12384164348883,,,11,0,0.99,6.49,5,0,0,0,2.58,0,0,0.83,1.66,92.0,0.0,0,38.44
40,26.32445743757628,,,6,0,0.6,1.0,6,1,0,0,6.9,1,1,0.9,4.45,92.0,1.0,1,17.1
35,23.614320362620816,,,16,1,0.77,1.57,5,1,1,1,2.14,1,1,0.89,4.18,100.0,0.0,0,56.25
32,27.80484534726151,,,21,1,4.3,6.55,3,1,0,1,8,1,1,0.9,2.27,85.0,1.0,0,36.6
38,22.25886274857292,,,6,0,0.71,4.84,5,0,0,0,2.38,0,0,0.85,1.48,91.0,0.0,0,21.2
34,27.05390894162117,,,7,0,0.3,1.47,11,0,0,0,1.42,0,0,0.83,1.56,131.0,0.0,0,44.5
34,14.907715663010851,,,17,0,2.3,4.94,4,1,0,1,16.9,0,0,0.91,3.36,88.0,0.0,0,16.4
28,28.095071574861358,,,12,0,2.72,5.3,5,0,1,1,1.86,1,0,0.9,2.49,90.0,1.0,0,61.58
37,25.103217803503856,,,12,0,1.43,6.46,5,1,0,0,5.6,1,0,0.89,1.44,82.0,1.0,0,24.1
30,25.86603934927677,,,17,0,0.3,1.48,5,0,0,0,3.86,0,0,0.88,1.44,116.0,0.0,0,16.9
41,28.546010228096133,,,6,0,6.65,6.52,3,0,0,1,4.5,1,1,0.9,0.58,100.0,1.0,0,18.6
34,25.506825799082023,,,8,0,1.83,6.98,6,1,0,1,1.4,1,1,0.81,2.96,110.0,1.0,0,56.9
40,31.06861119739837,,,6,1,0.98,2.78,5,0,1,1,1.4,1,0,0.92,3.78,160.0,1.0,0,20.8
33,19.030224936916447,,,17,0,4.51,7.05,5,0,0,0,12,0,0,0.86,8.47,100.0,0.0,0,28.6
32,20.737601895058415,,,18,0,4.07,6.34,4,0,0,0,1.69,0,0,0.82,1.4,80.0,0.0,0,56.2
36,13.551971025652794,,,12,0,0.95,1.32,6,1,0,1,2.9,0,0,0.94,0.92,80.0,0.0,0,31.5
34,26.403816367445152,,,2,0,2.07,6.87,5,0,0,0,0.7,0,0,0.92,1.08,92.0,0.0,0,11.3
23,17.74106385479225,,,23,1,5.15,5.0,5,0,1,1,19.8,1,1,0.83,1.69,92.0,1.0,1,23.5
30,17.031932008640865,,,23,1,0.46,8.25,4,0,0,0,0.98,0,0,0.86,3.51,84.0,0.0,1,30.5
29,28.370764503267303,,,13,0,1.61,1.99,6,1,0,1,5.96,1,0,0.89,1.77,95.0,1.0,0,22.7
30,28.12097914233062,,,12,0,1.31,3.4,5,1,0,1,2.23,1,0,0.9,1.68,110.0,1.0,0,36.5
45,36.81450965870535,,,25,1,0.2,65.4,4,1,1,1,11.1,1,1,0.91,2.96,86.0,1.0,0,18.7
28,33.00489450325133,,,3,0,3.62,6.53,6,0,1,1,3.99,0,0,0.85,2.92,116.0,1.0,0,21.0
35,29.108279337116187,,,18,1,0.6,1.59,4,1,1,1,5.57,1,0,0.92,1.58,98.0,1.0,1,46.58
31,19.926153380475466,,,13,0,5.13,6.698,4,1,0,0,10.8,0,1,0.91,3.861,100.0,0.0,0,24.9
26,36.2144030301828,,,12,0,2.73,5.9,9,0,0,0,2.36,0,0,0.89,1.7,92.0,0.0,0,45.35
35,25.102830431814816,,,5,0,1.23,4.62,7,1,1,1,1.1,1,1,0.95,1.17,92.0,1.0,0,27.2
28,23.71114835868199,,,8,0,2.84,8.25,5,0,0,0,0.89,0,0,0.95,1.0,91.0,0.0,0,26.3
32,22.406483414502578,,,13,0,2.11,4.33,5,0,0,1,7.7,0,0,0.94,2.1,93.0,0.0,1,41.0
32,24.17687778050827,,,10,0,1.53,3.84,4,1,0,0,7.7,0,1,0.91,0.95,98.0,1.0,1,16.7
29,21.2995484887305,,,13,0,1.06,5.08,6,1,0,1,18.9,0,0,0.97,2.66,110.0,1.0,0,40.3
36,24.95909050154772,,,20,1,0.17,1.63,5,1,1,1,6.6,1,1,0.94,1.86,93.0,1.0,1,0.0
43,18.091128567402976,,,8,0,7.09,14.99,6,1,0,0,0.16,0,0,0.93,6.09,100.0,0.0,1,24.5
29,27.944664136996817,,,23,1,2.01,10.206,6,1,1,1,2.01,1,0,0.79,10.89,106.0,1.0,0,13.6
36,23.08417646979802,,,2,0,3.97,7.4,5,0,1,0,4.9,0,0,0.94,2.12,138.0,0.0,0,17.9
32,25.08122614255013,,,6,0,1.5,4.76,5,0,0,0,2.3,0,0,0.85,2.45,100.0,0.0,0,51.9
30,19.070494328716148,,,3,0,3.1,8.99,6,1,0,1,1.04,0,0,0.89,1.71,91.0,1.0,1,22.0
37,23.387554425552604,,,8,0,1.43,4.41,7,0,0,1,3.8,0,0,0.89,2.73,100.0,1.0,0,19.5
40,23.50563312745725,,,20,0,0.02,1.0,5,0,0,0,2.26,0,0,0.89,1.52,125.0,0.0,0,55.9
20,23.407247345529782,,,12,0,0.15,2.08,6,1,0,1,2.19,0,0,0.92,5.0,86.0,1.0,0,28.7
47,24.53596700680156,,,25,1,0.25,1.88,7,1,0,0,6.2,0,0,0.92,2.47,92.0,1.0,1,12.1
34,21.53683847122867,,,2,0,8.71,6.71,5,1,0,1,6.4,0,0,0.89,3.65,100.0,1.0,1,25.8
30,22.05743804767805,,,2,0,0.3,4.63,3,1,0,0,2.8,0,0,0.92,1.13,92.0,1.0,0,36.9
35,29.245817556738807,,,7,0,1.15,4.83,5,1,0,0,4.3,0,0,0.79,2.26,85.0,0.0,0,19.2
36,25.400363627204957,,,20,1,0.17,1.63,5,1,1,1,6.6,1,1,0.94,1.86,93.0,1.0,1,0.0
31,23.06341448029144,,,6,0,4.21,7.16,5,0,0,0,1.3,0,0,0.94,4.52,85.0,0.0,0,15.1
41,17.22598812709114,,,3,0,1.27,4.41,5,1,1,1,10,0,1,0.97,2.19,100.0,1.0,0,25.456
34,29.04758261834992,,,7,0,0.3,1.47,11,0,0,0,1.42,0,0,0.83,1.56,131.0,0.0,0,44.5
20,23.016233296566323,,,16,0,3.61,4.87,6,1,0,1,4.5,0,0,0.94,2.93,88.0,1.0,0,27.0
24,25.33238265139992,,,14,0,1.97,2.79,5,0,0,0,4.33,0,0,0.85,1.48,100.0,0.0,0,25.366
21,26.75194623899087,,,2,0,5.11,4.13,6,0,0,1,21.9,0,1,0.83,1.26,125.0,0.0,1,33.4
35,25.13191408767244,,,26,1,1.97,4.41,5,0,0,0,0.87,0,0,0.84,5.0,92.0,0.0,1,16.0
32,25.230736671408057,,,3,0,2.02,2.17,6,1,0,0,0.2,1,0,0.89,4.78,115.0,1.0,0,17.3
38,31.453818238463203,,,4,0,1.35,4.32,5,1,1,0,2.8,1,0,0.88,1.12,100.0,1.0,0,20.5
36,25.416200988231974,,,15,1,1.0,5.71,7,1,0,0,7.7,1,0,0.95,2.11,110.0,0.0,0,26.1
29,23.70691642749087,,,6,0,4.25,3.62,5,0,0,0,3.3,1,0,0.82,1.67,100.0,0.0,0,17.5
38,26.036771148512845,,,13,1,3.26,8.15,4,1,0,1,10.6,1,0,0.94,7.02,92.0,1.0,0,16.7
25,22.365037096137005,,,24,1,3.57,3.8,3,0,1,1,7.25,1,1,0.95,3.9,90.0,1.0,0,55.6
20,21.415805762598453,,,15,0,3.13,5.9,5,1,0,0,7.3,0,0,0.94,0.61,86.0,0.0,1,22.0
32,29.57524848719615,,,21,1,0.21,4.48,3,1,1,0,4.5,1,1,0.9,2.06,105.0,1.0,0,19.3
33,19.73964630040657,,,5,0,2.77,3.39,5,1,0,1,4.2,0,0,0.89,2.77,82.0,1.0,0,43.3
24,23.587243606159344,,,18,0,0.43,1.72,5,0,0,0,17.6,1,0,0.94,4.02,100.0,0.0,0,44.8
32,21.69755516894163,,,16,0,2.86,7.45,5,0,0,0,18.9,0,0,0.95,2.97,100.0,1.0,0,30.0
34,13.932688444489148,,,17,0,2.3,4.94,4,1,0,1,16.9,0,0,0.91,3.36,88.0,0.0,0,16.4
25,27.22134354595852,,,5,0,2.86,6.93,5,1,0,1,3.9,0,0,0.94,4.0,84.0,0.0,0,30.8
32,15.727627964536778,,,1,0,0.46,1.7,4,0,0,0,6.2,0,0,0.94,2.84,72.0,1.0,0,20.9
28,25.88413185997032,,,33,1,2.95,4.0,5,1,1,0,18.5,1,1,0.92,0.86,95.0,1.0,0,20.4
33,24.3311912726209,,,14,1,12.04,5.02,2,1,0,0,0.8,0,0,0.95,3.15,100.0,1.0,0,40.2
32,15.471727258533033,,,1,0,0.46,1.7,4,0,0,0,6.2,0,0,0.94,2.84,72.0,1.0,0,20.9
36,21.5858039543156,,,12,0,1.99,3.99,5,0,0,0,2.36,0,0,0.82,2.376,100.0,0.0,0,45.55
22,24.566924519176887,,,23,1,1.44,5.71,2,0,0,0,3.65,0,0,0.89,1.31,100.0,0.0,0,27.7
26,25.26167327478325,,,25,1,4.62,6.83,2,1,1,0,5.9,1,0,0.9,2.39,76.0,1.0,0,38.6
28,22.264398585928564,,,27,1,4.44,6.22,6,1,1,0,4.2,0,1,0.92,0.64,100.0,1.0,1,26.0
40,14.149817828380522,,,11,0,1.6,5.01,3,0,0,0,8.5,0,0,0.93,5.0,88.0,1.0,1,27.7
22,24.24465061727477,,,6,1,5.78,6.44,5,0,1,0,8.8,1,1,0.76,2.96,85.0,1.0,0,41.7
34,24.5110112165844,,,10,1,0.89,5.34,5,1,1,0,1.89,0,0,0.84,0.65,100.0,1.0,0,21.5
40,21.62463431503171,,,4,0,0.49,1.94,6,0,0,0,2,0,1,0.89,5.0,138.0,1.0,0,20.8
28,22.311373184125927,,,17,1,3.61,7.35,6,0,1,1,66,0,1,0.94,1.71,70.0,1.0,1,30.2
35,26.312745392545395,,,7,0,3.42,6.52,6,1,0,0,2.5,1,0,0.89,0.77,92.0,0.0,1,20.0
31,25.985773551165806,,,19,0,3.46,5.28,5,0,1,1,6.26,0,0,0.92,2.48,116.0,1.0,1,16.25
34,23.388146078058,,,14,0,0.41,3.39,5,0,0,0,3.91,0,0,0.9,1.49,133.0,0.0,0,29.8
26,17.748710617236434,,,11,0,5.22,6.56,5,0,0,1,7.02,0,0,0.84,1.66,100.0,0.0,0,14.5
26,20.653073944938523,,,18,1,4.66,3.71,7,1,0,0,19.6,0,0,0.93,1.4,100.0,0.0,0,32.1
31,22.46701528392614,,,8,0,1.49,1.06,3,1,0,0,0.6,0,0,0.89,3.02,115.0,0.0,1,12.0
35,25.926189851862905,,,19,0,2.1,7.42,5,0,0,0,3.7,0,0,0.82,1.62,108.0,0.0,0,20.1
39,37.57668457385505,,,16,1,2.26,6.4,6,1,1,1,4.1,1,1,0.96,5.0,106.0,1.0,0,32.6
25,23.69207883883479,,,24,1,0.71,4.67,5,0,0,1,0.74,0,0,0.95,1.82,102.0,0.0,1,60.265
36,29.251496158301524,,,7,0,1.6,4.32,5,1,1,1,2.38,1,0,0.92,2.26,100.0,0.0,0,63.3
35,23.14581099551292,,,23,1,1.17,2.557,4,1,1,1,4.15,1,0,0.89,3.03,138.0,1.0,1,6.077
26,26.581873047965427,,,9,0,2.18,6.21,2,0,1,1,1.6,0,1,0.85,2.44,100.0,1.0,1,25.3
35,25.204486213606188,,,25,0,2.67,3.71,6,1,1,0,9.7,0,0,0.94,2.97,93.0,1.0,1,15.0
31,36.7972727002709,,,23,1,2.08,3.68,12,1,1,1,4.59,1,1,0.82,5.0,108.0,1.0,0,28.3
32,24.02774073832785,,,10,0,1.53,3.84,4,1,0,0,7.7,0,1,0.91,0.95,98.0,1.0,1,16.7
27,24.858479872184976,,,15,1,0.55,3.07,5,0,0,1,5.5,1,1,0.89,2.28,80.0,1.0,0,25.1
26,18.57648907191807,,,6,0,1.47,4.09,5,0,0,0,1.67,0,0,0.85,3.98,100.0,0.0,0,29.18
30,25.64475239163557,,,16,0,2.84,5.07,5,0,0,0,5.6,1,0,0.94,2.05,108.0,0.0,0,23.0
31,36.94138986283932,,,23,1,2.08,3.68,12,1,1,1,4.59,1,1,0.82,5.0,108.0,1.0,0,28.3
36,23.805809074923676,,,17,1,9.87,5.26,2,1,1,1,9.8,0,0,0.87,1.45,85.0,1.0,0,42.1
28,23.661434520931863,,,12,0,2.83,5.71,4,0,1,1,10,1,1,0.91,4.69,100.0,1.0,0,30.3
30,22.04596813228989,,,28,1,0.26,7.73,4,0,0,0,4.3,0,0,0.97,8.3,85.0,0.0,1,25.7
23,21.17364083363409,,,17,0,1.8,5.32,5,0,0,0,2.1,0,0,0.84,5.17,70.0,0.0,0,14.0
29,20.46695510897974,,,11,0,0.65,2.02,5,0,0,0,3.78,0,0,0.81,1.98,91.0,0.0,0,19.1
25,27.67786437043885,,,10,1,2.34,4.59,3,0,0,0,8.9,1,1,0.89,2.38,72.0,0.0,1,18.7
26,22.767414810494984,,,2,0,2.14,3.52,5,1,0,1,5.2,0,0,0.89,0.74,115.0,1.0,0,30.1
28,26.79237188887869,,,15,0,0.59,3.3,3,1,0,0,9.1,1,0,0.9,2.78,92.0,1.0,0,10.1
36,25.24116266043,,,6,0,2.46,4.75,5,1,0,1,4.8,0,0,0.89,0.95,92.0,1.0,0,25.4
30,31.33601979854833,,,14,1,0.032,1.98,4,0,1,1,32,1,0,0.84,1.98,100.0,1.0,0,74.5
36,24.98237565119392,,,5,0,1.71,2.85,6,1,0,1,3.09,1,0,0.92,1.54,95.0,0.0,1,20.16
37,17.97207329915891,,,10,0,4.11,10.39,5,1,0,1,16.8,0,0,0.91,1.71,100.0,0.0,0,43.9
34,24.474826834959654,,,4,0,0.63,3.27,6,0,0,0,3.9,1,1,0.92,1.46,115.0,1.0,0,23.9
29,27.94743945733969,,,19,1,6.42,5.76,3,1,0,1,6,1,1,0.9,0.95,92.0,1.0,0,36.2
30,17.732124644801065,,,23,1,0.46,8.25,4,0,0,0,0.98,0,0,0.86,3.51,84.0,0.0,1,30.5
30,27.218776420371345,,,18,1,2.06,11.62,2,1,1,1,1,1,1,0.84,2.13,108.0,1.0,0,32.4
37,26.53704921931653,,,12,0,3.28,8.06,4,0,1,1,0.9,0,0,0.98,1.74,107.0,1.0,0,24.3
47,26.42744237333084,,,25,1,0.25,1.88,4,0,1,1,6.2,1,1,0.95,2.47,92.0,0.0,0,12.1
33,17.94490338152179,,,17,0,4.51,7.05,5,0,0,0,12,0,0,0.86,8.47,100.0,0.0,0,28.6
28,29.5236798121195,,,41,1,4.31,5.71,9,1,0,1,15,1,1,0.82,2.41,100.0,1.0,1,18.3
31,26.21761868115047,,,13,0,0.24,1.58,6,1,0,1,5.1,1,0,0.9,6.91,87.0,1.0,0,25.6
34,22.886615869028056,,,18,1,6.37,5.48,7,0,1,1,0.91,0,1,0.89,2.93,100.0,1.0,1,12.3
27,21.59304540553577,,,12,0,1.12,2.63,5,0,0,1,4.66,0,1,0.83,1.0,100.0,1.0,1,41.0
30,28.163050104078746,,,4,0,4.65,7.57,2,1,0,1,5,1,0,0.86,1.42,92.0,1.0,0,13.9
33,25.96166382573908,,,10,0,0.57,3.21,3,1,0,0,3.14,0,0,0.92,10.96,80.0,1.0,1,28.7
37,30.03998300061896,,,4,0,2.36,8.06,5,0,0,0,1.22,0,0,0.86,16.41,76.0,0.0,0,33.4
32,20.95437833372541,,,10,0,0.51,3.99,6,1,0,1,2.83,0,0,0.83,2.04,84.0,1.0,0,60.2
35,25.77188219303471,,,3,0,1.01,3.91,6,0,0,1,1.2,1,0,0.92,2.45,115.0,0.0,0,20.7
37,21.222727074186466,,,2,0,4.364,15.45,5,0,0,0,4.91,0,0,0.89,1.2,98.0,0.0,0,29.47
36,27.41397409317718,,,15,1,1.0,5.71,7,1,0,0,7.7,1,0,0.95,2.11,110.0,0.0,0,26.1
29,22.91088225159381,,,13,0,3.87,6.07,5,0,0,0,4.2,0,0,0.86,6.71,92.0,0.0,0,36.21
34,23.15463516362908,,,1,0,3.72,9.4,5,0,0,0,0.98,0,0,0.84,4.05,92.0,0.0,0,24.3
40,19.46736188979873,,,3,0,0.69,4.96,5,0,1,0,0.3,0,0,0.82,1.86,92.0,0.0,0,36.1
32,19.44180006373164,,,2,0,4.5,4.79,6,1,0,1,4.7,0,0,0.94,2.0,112.0,0.0,0,22.6
41,29.10411390399368,,,16,0,3.6,4.74,7,0,1,0,9.1,1,1,0.93,1.09,85.0,1.0,0,31.6
29,28.183252924577197,,,19,1,6.42,5.76,3,1,0,1,6,1,1,0.9,0.95,92.0,1.0,0,36.2
32,21.831706588414875,,,3,0,3.37,9.14,5,0,0,0,0.71,0,0,0.88,0.58,116.0,0.0,1,36.3
28,16.403788742623103,,,15,0,0.63,2.59,5,1,0,1,5.8,0,0,0.86,5.74,84.0,0.0,0,39.3
34,27.09738466960072,,,20,1,1.36,4.54,5,1,0,1,10.2,1,0,0.9,2.33,130.0,1.0,0,18.2
38,32.74904564975383,,,4,0,2.51,9.51,5,0,0,0,0.69,1,0,0.93,1.18,116.0,0.0,0,9.7
25,21.176409230861235,,,10,0,10.75,6.54,5,1,0,0,19.3,0,0,0.83,1.29,100.0,1.0,0,36.8
28,23.3539488127204,,,10,0,0.22,2.9,7,1,1,1,3.9,1,1,0.84,1.78,92.0,0.0,0,30.5
26,26.144825027529368,,,26,1,2.01,5.05,5,1,0,0,0.9,1,0,0.9,1.27,92.0,1.0,0,32.8
26,31.51666856030933,,,15,1,8.34,3.63,5,1,1,0,26.4,1,0,0.94,2.29,93.0,1.0,0,22.4
32,20.862575785063783,,,2,0,4.5,4.79,6,1,0,1,4.7,0,0,0.94,2.0,112.0,0.0,0,22.6
28,23.69216480145101,,,17,1,3.61,7.35,6,0,1,1,66,0,1,0.94,1.71,70.0,1.0,1,30.2
31,21.506259587288167,,,9,0,9.99,60.37,5,1,0,0,15.3,0,0,0.91,1.0,92.0,0.0,1,25.6
36,24.817722277551603,,,5,0,1.71,2.85,6,1,0,1,3.09,1,0,0.92,1.54,95.0,0.0,1,20.16
27,25.69746186929573,,,13,1,1.02,3.85,4,1,0,0,2.6,1,1,0.92,2.39,110.0,1.0,0,15.6
27,19.76122908020468,,,7,0,0.1,1.76,6,0,0,1,6.8,0,0,0.91,1.17,72.0,1.0,0,13.7
41,26.54916155916764,,,1,0,3.68,9.64,6,0,0,0,0.8,1,0,0.95,2.52,92.0,1.0,0,31.0
38,19.412736050367936,,,7,0,1.97,6.11,5,0,0,0,1.58,0,0,0.81,2.42,92.0,0.0,0,36.85
31,23.319592755671472,,,5,0,0.34,1.92,6,1,0,0,3.63,0,1,0.83,2.73,91.0,0.0,1,48.0
30,20.364851967998185,,,32,1,6.69,7.59,2,0,1,0,10.53,0,1,0.89,3.58,116.0,1.0,1,21.7
30,26.284086719300674,,,17,1,14.24,6.86,2,1,1,0,15.7,1,1,0.87,2.32,100.0,1.0,0,18.7
28,23.101202122654147,,,33,1,0.77,3.44,5,1,1,0,5.25,1,1,0.9,0.75,140.0,1.0,1,43.68
28,22.716403877205924,,,10,0,0.22,2.9,7,1,1,1,3.9,1,1,0.84,1.78,92.0,0.0,0,30.5
26,19.55341582591436,,,8,0,3.79,7.14,5,0,0,1,3.4,0,0,0.88,1.0,100.0,1.0,0,28.1
40,24.620346019465867,,,11,0,5.0,6.2,5,1,0,0,1.03,1,0,0.9,7.27,100.0,1.0,1,27.6
31,23.167018922496933,,,20,1,0.9,1.8,2,1,1,0,15,0,1,0.9,1.86,92.0,1.0,0,23.6
27,25.263570961026232,,,21,0,7.46,6.35,8,0,0,0,4.6,0,0,0.88,3.72,92.0,0.0,0,49.3
29,22.879184948398255,,,17,1,2.14,6.06,5,1,1,0,5.4,0,1,0.94,2.35,100.0,0.0,0,18.0
38,38.64082059995012,,,3,0,2.6,5.01,5,0,0,0,1.03,0,0,0.85,1.87,100.0,0.0,0,36.85
35,20.66399867356488,,,8,0,1.94,6.36,5,0,0,0,1.65,0,0,0.85,0.6,108.0,0.0,0,38.2
35,23.412405235485224,,,6,0,0.51,2.2,4,0,0,0,3.3,0,0,0.97,2.46,115.0,0.0,0,24.0
31,26.82592706351889,,,13,0,0.24,1.58,6,1,0,1,5.1,1,0,0.93,6.91,87.0,0.0,0,25.6
20,25.507454840802104,,,22,0,2.02,4.89,5,0,0,0,4.47,0,0,0.9,1.56,108.0,0.0,0,18.1
40,24.659653383152737,,,8,0,1.07,3.87,5,0,1,1,1.7,1,0,0.95,2.92,120.0,0.0,0,34.2
33,23.0708279350265,,,7,0,0.72,4.85,5,0,0,0,1.01,0,0,0.83,2.0,92.0,0.0,0,42.36
38,20.997735635196182,,,6,0,2.18,3.18,9,0,0,0,2.13,0,0,0.81,5.71,84.0,0.0,0,18.9
21,32.338047627151724,,,18,1,1.39,3.41,3,1,1,1,14.7,1,1,0.86,5.0,85.0,1.0,0,33.7
33,23.350735033655297,,,27,1,1.45,3.17,5,1,1,1,2.65,0,1,0.83,0.82,82.0,1.0,0,33.5
40,19.12940681955509,,,3,0,0.69,4.96,5,0,1,0,0.3,0,0,0.82,1.86,92.0,0.0,0,36.1
31,20.45492828487902,,,4,0,1.0,5.98,6,1,0,1,1,0,0,0.86,3.13,100.0,1.0,0,43.4
35,26.817474811891596,,,20,0,3.23,6.75,4,0,0,0,6,0,0,0.97,2.28,100.0,1.0,0,62.5
31,28.596990594888805,,,22,1,5.09,3.61,2,0,1,0,1.06,1,1,0.9,1.69,92.0,1.0,0,29.1
33,21.66648920692764,,,4,0,0.89,2.39,6,0,0,1,0.5,0,0,0.89,1.67,85.0,1.0,0,23.7
23,29.28361991719508,,,19,1,4.3,3.99,7,1,1,1,20,1,1,0.96,1.66,108.0,1.0,0,17.4
31,21.08663778472696,,,7,0,4.79,3.83,5,1,0,1,2.2,0,0,0.92,0.45,85.0,0.0,1,32.6
32,26.56278677754004,,,8,0,0.29,2.35,6,1,0,0,4.2,1,0,0.95,5.0,100.0,1.0,1,24.0
36,25.4216997022158,,,20,1,0.17,1.63,5,1,1,1,6.6,1,1,0.94,1.86,93.0,1.0,1,0.0
38,19.195985488494337,,,16,0,2.44,3.71,5,1,0,0,3.05,0,0,0.84,0.54,100.0,1.0,1,42.5
36,24.82484107435508,,,20,1,0.17,1.63,5,1,1,1,6.6,1,1,0.94,1.86,93.0,1.0,1,0.0
26,24.225661441616303,,,13,1,0.1,1.0,4,1,1,1,1.15,1,1,0.94,0.59,100.0,1.0,0,20.7
37,21.338207070626584,,,2,0,4.364,15.45,5,0,0,0,4.91,0,0,0.89,1.2,98.0,0.0,0,29.47
40,28.873355151347308,,,3,1,1.64,4.38,5,1,0,0,10.8,1,0,0.95,3.74,100.0,1.0,0,18.3
28,24.460708138028,,,5,0,1.48,7.5,5,0,1,0,1.3,0,0,0.94,0.73,86.0,1.0,1,31.1
23,23.606069020740907,,,18,1,1.29,3.18,4,1,0,1,6.2,0,1,0.92,0.9,106.0,1.0,1,30.1
35,20.99726404544466,,,12,0,1.56,3.25,5,0,0,0,3.18,0,0,0.86,1.75,116.0,0.0,0,34.2
29,23.28309427571011,,,27,1,0.79,3.26,7,1,1,1,3.55,1,1,0.85,3.77,100.0,1.0,1,44.55
24,21.78249524229698,,,18,0,0.43,1.72,5,0,0,0,17.6,1,0,0.94,4.02,100.0,0.0,0,44.8
26,22.9612224290473,,,2,0,2.14,3.52,5,1,0,1,5.2,0,0,0.89,0.74,115.0,1.0,0,30.1
21,26.15000784783397,,,2,0,5.11,4.13,6,0,0,1,21.9,0,1,0.83,1.26,125.0,0.0,1,33.4
23,31.447111383108894,,,19,1,4.3,3.99,7,1,1,1,20,1,1,0.96,1.66,108.0,1.0,0,17.4
27,21.04080577677497,,,13,1,2.4,2.26,3,1,1,1,4.5,1,1,0.89,2.77,100.0,1.0,1,45.2
25,34.36139674612288,,,15,0,5.16,7.1,5,0,0,1,2.31,1,0,0.9,2.15,100.0,1.0,0,31.4
29,29.1993935779228,,,18,0,2.13,5.6,5,0,0,0,3.88,0,0,0.86,0.93,92.0,0.0,0,14.36
48,24.27987818671836,,,19,0,2.6,4.08,2,1,0,0,4.02,0,0,0.95,0.45,91.0,0.0,1,29.2
29,21.59285504983216,,,11,0,7.06,5.49,3,1,1,0,8.75,0,0,0.94,2.8,102.0,1.0,0,57.08
30,22.02247262310013,,,15,0,6.26,6.3,4,1,0,1,8.1,0,0,0.94,2.58,112.0,0.0,1,26.3
25,26.260852168555587,,,3,0,1.3,2.82,6,0,0,0,2.85,0,0,0.87,1.86,91.0,0.0,0,17.1
33,23.53575021334741,,,27,1,1.45,3.17,5,1,1,1,2.65,0,1,0.83,0.82,82.0,1.0,0,33.5
33,25.103368442262653,,,10,0,0.57,3.21,3,1,0,0,3.14,0,0,0.92,10.96,80.0,1.0,1,28.7
38,36.65860903975938,,,3,0,2.6,5.01,5,0,0,0,1.03,0,0,0.85,1.87,100.0,0.0,0,36.85
35,25.69694205514975,,,5,0,4.26,5.5,12,0,0,0,5.23,0,0,0.86,3.95,93.0,0.0,0,37.65
23,25.025127483694632,,,21,1,5.5,4.42,4,0,0,0,2.53,1,1,0.83,1.79,100.0,1.0,1,54.6
28,16.503917184644823,,,15,0,0.63,2.59,5,1,0,1,5.8,0,0,0.86,5.74,84.0,0.0,0,39.3
36,24.29567298895333,,,8,0,0.25,1.63,6,1,0,1,3.41,0,0,0.89,0.81,116.0,0.0,0,18.5
33,25.221883961225306,,,10,0,0.56,3.35,5,0,0,1,0.84,1,0,0.89,2.98,106.0,0.0,1,23.8
32,23.37174528484564,,,5,0,1.52,4.61,6,1,0,0,11.4,1,0,0.89,1.4,100.0,0.0,1,20.1
40,27.837213665396728,,,3,1,1.64,4.38,5,1,0,0,10.8,1,0,0.95,3.74,100.0,1.0,0,18.3
35,22.819945415012334,,,5,0,2.22,5.04,5,1,0,0,0.28,0,0,0.94,0.81,94.0,0.0,1,25.0
32,24.30590117695878,,,5,0,1.52,4.61,6,1,0,0,11.4,1,0,0.89,1.4,100.0,0.0,1,20.1
40,24.39633792771092,,,11,0,5.0,6.2,5,1,0,0,1.03,1,0,0.9,7.27,100.0,1.0,1,27.6
30,21.799785852283584,,,15,0,6.26,6.3,4,1,0,1,8.1,0,0,0.94,2.58,112.0,0.0,1,26.3
31,21.85119652366244,,,19,1,1.0,6.21,5,0,0,1,0.99,0,0,0.94,1.75,90.0,1.0,0,18.5
38,21.079175779360583,,,3,0,0.34,3.75,5,0,0,1,4.8,0,0,0.91,1.26,110.0,0.0,1,20.1
25,25.509902253023988,,,16,1,5.11,6.96,4,1,1,1,9,1,0,0.85,3.06,100.0,1.0,0,33.6
23,22.695655639083817,,,30,1,2.59,4.07,4,0,1,1,5.61,1,0,0.94,2.04,108.0,1.0,0,15.36
34,25.822493431527757,,,36,1,1.93,4.07,5,1,1,1,0.91,1,0,0.95,3.08,107.0,1.0,0,61.3
42,40.44941532433388,,,29,1,2.02,5.59,7,0,1,1,3.62,1,1,0.98,1.91,91.0,1.0,0,28.2
30,29.091253904511056,,,12,0,1.31,3.4,5,1,0,1,2.23,1,0,0.9,1.68,110.0,1.0,0,36.5
39,39.42793845808415,,,16,1,2.26,6.4,6,1,1,1,4.1,1,1,0.96,5.0,106.0,1.0,0,32.6
31,21.1297499935992,,,19,1,1.0,6.21,5,0,0,1,0.99,0,0,0.94,1.75,90.0,1.0,0,18.5
28,27.193722159468635,,,10,0,1.03,4.44,6,0,0,1,5.7,1,0,0.92,3.67,130.0,1.0,0,15.5
29,27.317032146112727,,,11,1,1.0,3.18,6,0,1,1,2.1,1,1,0.93,2.47,92.0,1.0,0,31.6
26,20.603034847270465,,,18,1,4.66,3.71,7,1,0,0,19.6,0,0,0.93,1.4,100.0,0.0,0,32.1
32,19.023741281645343,,,5,0,4.22,11.12,5,0,0,0,1.8,0,0,0.82,0.9,110.0,1.0,1,27.9
25,25.47663676060401,,,5,0,2.86,6.93,5,1,0,1,3.9,0,0,0.94,4.0,84.0,0.0,0,30.8
25,21.86184765275338,,,10,0,10.75,6.54,5,1,0,0,19.3,0,0,0.83,1.29,100.0,1.0,0,36.8
35,24.448612443924112,,,18,1,3.39,22.0,4,1,0,1,6.65,1,1,0.92,2.42,100.0,1.0,0,5418.6
32,22.45621043121267,,,13,1,2018.0,4.33,5,1,0,0,7.7,0,0,0.89,2.1,93.0,0.0,1,41.04
34,22.518517213970053,,,40,1,2.3,2.24,7,0,0,0,0.85,0,0,0.97,6.66,90.0,0.0,0,46.21
35,23.614245435167717,,,25,0,2.67,3.71,6,1,1,0,9.7,0,0,0.94,2.97,93.0,1.0,1,15.0
26,30.546217129705948,,,15,1,8.34,3.63,2,1,0,0,26.4,1,1,0.95,2.92,93.0,1.0,0,22.4
30,25.12408946325832,,,17,0,0.3,1.48,5,0,0,0,3.86,0,0,0.88,1.44,116.0,0.0,0,16.9
35,29.02590977789,,,7,0,1.15,4.83,5,1,0,0,4.3,0,0,0.79,2.26,85.0,0.0,0,19.2
31,23.907569862151675,,,17,0,0.42,2.8,5,0,0,0,2.34,0,0,0.82,1.88,138.0,0.0,0,32.2
34,23.52611287906561,,,14,0,0.41,3.39,5,0,0,0,3.91,0,0,0.9,1.49,133.0,0.0,0,29.8
32,25.783417458456874,,,3,0,2.02,2.17,6,1,0,0,0.2,1,0,0.89,4.78,115.0,1.0,0,17.3
27,15.36069612265919,,,23,1,5.11,4.25,5,1,1,0,21.8,1,1,0.93,2.08,79.0,1.0,0,23.3
32,27.33906009427774,,,8,0,0.29,2.35,6,1,0,0,4.2,1,0,0.95,5.0,100.0,1.0,1,24.0
23,20.579331504757256,,,17,0,1.8,5.32,5,0,0,0,2.1,0,0,0.84,5.17,70.0,0.0,0,14.0
32,15.320986356470716,,,12,0,3.02,3.76,5,0,0,0,1,0,0,0.9,1.51,116.0,0.0,0,21.8
28,21.871616671077348,,,19,1,1.97,4.89,5,1,0,0,1.06,1,1,0.82,1.57,100.0,1.0,0,34.1
27,25.97995746188861,,,13,1,1.02,3.85,4,1,0,0,2.6,1,1,0.92,2.39,110.0,1.0,0,15.6
32,27.05873674276949,,,15,1,1.24,2.0,5,0,1,1,1.99,1,0,0.9,1.68,93.0,1.0,0,18.3
32,22.89664128946209,,,3,0,3.37,9.14,5,0,0,0,0.71,0,0,0.88,0.58,116.0,0.0,1,36.3
26,24.97815171065953,,,9,0,2.18,6.21,2,0,1,1,1.6,0,1,0.85,2.44,100.0,1.0,1,25.3
24,28.779841823305453,,,25,1,1.87,3.07,5,1,1,0,4.71,1,1,0.9,4.07,86.0,1.0,0,24.0
33,24.051427176078118,,,13,0,3.07,4.86,5,0,0,0,1.54,1,0,0.86,12.18,91.0,0.0,0,38.0
35,26.94125813016208,,,1,0,3.23,6.51,3,0,0,0,1.2,1,0,0.95,4.61,100.0,1.0,0,27.2
36,29.061768328007187,,,2,0,2.83,6.72,4,0,0,0,3.68,0,0,0.84,2.24,100.0,0.0,0,10.7
31,12.506279738184928,,,13,1,6.63,3.99,3,0,1,1,17.6,0,1,0.88,1.3,133.0,1.0,0,19.57
32,15.699242210165323,,,13,0,4.89,7.87,5,0,0,0,2.35,0,0,0.88,5.0,107.0,0.0,0,56.2
28,18.419120378445427,,,6,0,3.68,7.95,5,0,0,0,2.07,0,0,0.83,0.68,92.0,1.0,0,17.1
27,22.4689168228028,,,2,0,2.23,4.97,5,1,0,1,16.9,0,0,0.9,1.94,93.0,0.0,1,23.6
34,32.68215163275133,,,9,0,1.97,4.86,11,0,1,0,17,0,1,0.88,1.04,108.0,1.0,1,39.4
28,24.23723315908318,,,33,1,0.77,3.44,5,1,1,0,5.25,1,1,0.9,0.75,140.0,1.0,1,43.68
32,21.196488478081537,,,10,0,0.51,3.99,6,1,0,1,2.83,0,0,0.83,2.04,84.0,1.0,0,60.2
42,26.91935610232925,,,12,0,1.76,6.76,6,1,0,0,1.2,1,0,0.92,3.505,115.0,1.0,0,22.7
34,21.379987115595675,,,1,0,3.72,9.4,5,0,0,0,0.98,0,0,0.84,4.05,92.0,0.0,0,24.3
30,21.497419660810568,,,13,0,0.35,2.44,5,1,0,0,5.1,1,1,0.96,1.47,92.0,1.0,0,38.2
22,24.36977090479777,,,6,1,5.78,6.44,5,0,1,0,8.8,1,1,0.76,2.96,85.0,1.0,0,41.7
21,33.35689218692752,,,18,1,1.39,3.41,3,1,1,1,14.7,1,1,0.86,5.0,85.0,1.0,0,33.7
35,27.156155488311384,,,20,0,3.23,6.75,4,0,0,0,6,0,0,0.97,2.28,100.0,1.0,0,62.5
32,21.17176061784496,,,10,0,0.51,3.99,6,1,0,1,2.83,0,0,0.83,2.04,84.0,1.0,0,60.2
28,16.21135911799661,,,15,0,0.63,2.59,5,1,0,1,5.8,0,0,0.86,5.74,84.0,0.0,0,39.3
30,21.19288719801757,,,13,0,0.35,2.44,5,1,0,0,5.1,1,1,0.96,1.47,92.0,1.0,0,38.2
35,20.808042663187518,,,4,0,4.88,8.99,6,1,0,0,6,1,0,0.94,1.32,110.0,1.0,0,30.5
27,21.0758446582566,,,12,0,1.12,2.63,5,0,0,1,4.66,0,1,0.83,1.0,100.0,1.0,1,41.0
40,14.091607783093082,,,11,0,1.6,5.01,3,0,0,0,8.5,0,0,0.93,5.0,88.0,1.0,1,27.7
23,22.694356769020253,,,40,1,5.48,4.42,10,1,1,1,3.2,1,1,0.81,3.26,70.0,0.0,0,23.114
28,31.772071274572586,,,29,1,2.77,4.5,4,0,1,1,9,1,1,0.9,4.04,108.0,1.0,0,10.22
27,24.13525969985772,,,19,1,2.04,4.3,5,0,0,0,0.19,1,0,0.95,3.65,107.0,0.0,0,21.8
28,23.616200089947903,,,15,0,10.5,6.5,5,0,0,0,11.2,0,0,0.97,1.83,100.0,0.0,0,33.0
32,24.43081286084795,,,6,0,0.79,5.64,5,0,0,0,4.27,0,0,0.83,4.14,60.0,0.0,0,37.2
34,24.3981586673331,,,4,0,0.63,3.27,6,0,0,0,3.9,1,1,0.92,1.46,115.0,1.0,0,23.9
37,28.689183217034252,,,8,0,0.48,3.22,7,0,0,0,2.78,0,0,0.84,3.57,92.0,0.0,0,36.58
26,28.57519764408024,,,3,0,2.71,7.76,5,0,0,1,1.7,1,0,0.94,3.71,122.0,1.0,0,17.1
28,29.185286253802307,,,6,0,0.75,8.96,5,0,1,1,2,0,1,0.84,1.04,92.0,0.0,0,20.0
38,24.720037158408367,,,25,1,4.27,7.1,2,1,0,1,0.1,1,1,0.92,3.98,107.0,1.0,0,25.3
28,21.252269327759446,,,20,1,1.61,4.0,6,1,0,1,4.6,0,1,0.87,1.15,100.0,1.0,0,34.4
32,25.64039267352392,,,2,0,0.52,2.65,5,0,0,0,3.64,0,0,0.86,2.03,80.0,0.0,0,25.22
28,25.151872486957505,,,21,1,1.19,2.41,3,1,0,0,1.56,1,1,0.83,3.44,100.0,1.0,0,23.14
29,24.317838856313926,,,13,0,3.87,6.07,5,0,0,0,4.2,0,0,0.86,6.71,92.0,0.0,0,36.21
36,33.27013173423551,,,28,1,2.22,7.1,3,1,1,1,2.8,1,1,0.91,4.23,130.0,1.0,0,35.1
26,19.15722126765886,,,14,0,3.13,5.09,4,0,1,0,8.75,0,0,0.78,2.56,73.0,0.0,0,9.6
25,21.499257694380336,,,10,0,10.75,6.54,5,1,0,0,19.3,0,0,0.83,1.29,100.0,1.0,0,36.8
38,19.76006440792892,,,7,0,1.97,6.11,5,0,0,0,1.58,0,0,0.81,2.42,92.0,0.0,0,36.85
30,22.19274237778516,,,7,0,1.57,3.75,5,1,0,1,2.5,0,0,0.9,1.51,94.0,0.0,1,31.8
40,24.707443199117684,,,7,0,3.83,4.8,5,0,0,1,8.1,0,0,0.88,1.98,115.0,1.0,0,44.1
31,27.17212013391904,,,6,0,1.54,7.8,4,1,0,1,2.5,1,0,0.95,2.06,83.0,1.0,1,10.4
38,21.19261714608748,,,11,0,2.42,8.49,5,0,0,0,3.22,0,0,0.85,4.45,130.0,0.0,0,45.3
29,30.20462664645771,,,2,1,2.41,2.56,5,0,1,1,7.3,0,1,0.94,2.86,92.0,0.0,1,19.0
33,22.02620428293249,,,3,0,1.27,5.89,6,1,0,1,1.1,0,0,0.92,0.69,100.0,0.0,0,20.3
23,24.12834440339913,,,10,0,2.15,6.09,6,1,0,1,3.29,0,0,0.92,1.37,93.0,0.0,0,26.0
29,29.485853458423883,,,19,1,1.92,4.52,5,0,1,1,12.7,1,1,0.84,1.68,100.0,0.0,1,22.7
43,17.833552201553477,,,8,0,7.09,14.99,6,1,0,0,0.16,0,0,0.93,6.09,100.0,0.0,1,24.5
41,26.79226674691035,,,16,0,3.6,4.74,7,0,1,0,9.1,1,1,0.93,1.09,85.0,1.0,0,31.6
38,20.624652591931547,,,6,0,0.71,4.84,5,0,0,0,2.38,0,0,0.85,1.48,91.0,0.0,0,21.2
43,14.141934454001202,,,17,0,2.52,12.28,6,1,0,1,0.8,0,0,0.93,1.25,100.0,1.0,1,22.4
28,26.70882013870809,,,6,0,0.75,8.96,5,0,1,1,2,0,1,0.84,1.04,92.0,0.0,0,20.0
40,25.28717842661787,,,8,0,1.07,3.87,5,0,1,1,1.7,1,0,0.95,2.92,120.0,0.0,0,34.2
27,26.135263958900843,,,13,0,3.36,7.9,4,0,0,0,7,0,0,0.95,2.28,80.0,1.0,0,42.12
25,22.84298021640949,,,24,1,0.71,4.67,5,0,0,1,0.74,0,0,0.95,1.82,102.0,0.0,1,60.265
38,26.511216903777814,,,13,1,3.26,8.15,4,1,0,1,10.6,1,0,0.94,7.02,92.0,1.0,0,16.7
31,27.47358463963165,,,13,0,0.24,1.58,6,1,0,1,5.1,1,0,0.9,6.91,87.0,1.0,0,25.6
36,23.60302945420719,,,5,0,1.03,7.92,5,0,0,0,2.1,1,1,0.81,4.04,92.0,0.0,1,26.5
23,24.26064575792013,,,10,0,2.15,6.09,6,1,0,1,3.29,0,0,0.92,1.37,93.0,0.0,0,26.0
27,20.32684592385561,,,7,0,0.1,1.76,6,0,0,1,6.8,0,0,0.91,1.17,72.0,1.0,0,13.7
25,18.74243674535379,,,24,1,3.6,5.12,5,1,1,1,11.9,0,0,0.87,1.88,115.0,1.0,0,29.3
35,26.892833950720615,,,1,0,3.23,6.51,3,0,0,0,1.2,1,0,0.95,4.61,100.0,1.0,0,27.2
24,22.29476138696099,,,18,0,0.43,1.72,5,0,0,0,17.6,1,0,0.94,4.02,100.0,0.0,0,44.8
32,19.98236102021059,,,2,0,4.5,4.79,6,1,0,1,4.7,0,0,0.94,2.0,112.0,0.0,0,22.6
32,23.327356061303647,,,6,0,1.5,4.76,5,0,0,0,2.3,0,0,0.85,2.45,100.0,0.0,0,51.9
28,24.6467947588266,,,33,1,0.77,3.44,5,1,1,0,5.25,1,1,0.9,0.75,140.0,1.0,1,43.68
29,23.436728666538063,,,2,0,4.32,5.71,5,0,0,0,9.1,0,1,0.89,3.98,123.0,1.0,1,19.7
25,20.19230377564076,,,24,1,3.6,5.12,5,1,1,1,11.9,0,0,0.87,1.88,115.0,1.0,0,29.3
25,21.759018904665936,,,24,1,3.57,3.8,3,0,1,1,7.25,1,1,0.95,3.9,90.0,1.0,0,55.6
24,20.13403921136736,,,13,1,1.66,3.26,3,1,0,0,1.5,0,1,0.82,2.41,92.0,1.0,0,28.4
22,23.15937124650716,,,19,0,2.66,4.36,4,1,0,0,3.7,0,0,0.95,2.08,115.0,0.0,0,21.4
34,25.292701850521524,,,8,0,1.83,6.98,6,1,0,1,1.4,1,1,0.81,2.96,110.0,1.0,0,56.9
35,26.397724123814704,,,20,0,3.23,6.75,4,0,0,0,6,0,0,0.97,2.28,100.0,1.0,0,62.5
28,27.12683233534956,,,10,0,1.03,4.44,6,0,0,1,5.7,1,0,0.92,3.67,130.0,1.0,0,15.5
32,25.93607331388333,,,2,0,0.52,2.65,5,0,0,0,3.64,0,0,0.86,2.03,80.0,0.0,0,25.22
27,19.82852461188221,,,27,1,4.61,6.8,5,0,0,0,5.3,0,0,0.85,3.49,90.0,0.0,1,26.1
26,29.659227480817957,,,16,0,3.5,7.06,5,0,0,0,7.6,0,0,0.92,17.2,92.0,0.0,0,32.7
28,24.59698976749245,,,12,0,0.27,4.16,6,1,1,0,4.8,0,0,0.88,6.31,100.0,0.0,1,17.4
25,21.033156915821756,,,10,0,10.75,6.54,5,1,0,0,19.3,0,0,0.83,1.29,100.0,1.0,0,36.8
34,23.75016100200865,,,14,0,0.41,3.39,5,0,0,0,3.91,0,0,0.9,1.49,133.0,0.0,0,29.8
36,20.87211270782198,,,12,0,1.99,3.99,5,0,0,0,2.36,0,0,0.82,2.376,100.0,0.0,0,45.55
28,13.464368925004424,,,1,0,0.25,3.34,9,0,0,0,3.55,0,0,0.81,3.4,84.0,0.0,0,42.3
42,19.74889423558017,,,2,0,0.67,4.91,3,0,0,1,1.6,0,0,0.86,0.97,82.0,0.0,0,21.3
30,21.67595152327524,,,7,0,1.57,3.75,5,1,0,1,2.5,0,0,0.9,1.51,94.0,0.0,1,31.8
33,21.69831400039958,,,4,0,0.89,2.39,6,0,0,1,0.5,0,0,0.89,1.67,85.0,1.0,0,23.7
20,22.30111257863831,,,15,0,3.13,5.9,5,1,0,0,7.3,0,0,0.94,0.61,86.0,0.0,1,22.0
28,15.43607929217063,,,15,0,0.63,2.59,6,1,0,0,5.8,0,1,0.86,5.74,84.0,1.0,0,39.3
28,27.03017986498789,,,6,0,0.75,8.96,5,0,1,1,2,0,1,0.84,1.04,92.0,0.0,0,20.0
32,23.558911891111656,,,13,1,2018.0,4.33,5,1,0,0,7.7,0,0,0.89,2.1,93.0,0.0,1,41.04
29,23.22165123827469,,,13,0,3.87,6.07,5,0,0,0,4.2,0,0,0.86,6.71,92.0,0.0,0,36.21
34,26.257530022166574,,,10,1,0.89,5.34,5,1,1,0,1.89,0,0,0.84,0.65,100.0,1.0,0,21.5
36,24.27533531843387,,,8,0,0.25,1.63,6,1,0,1,3.41,0,0,0.89,0.81,116.0,0.0,0,18.5
35,19.594792571673192,,,6,0,3.64,7.77,5,0,0,0,6.4,0,1,0.83,1.45,110.0,1.0,0,24.6
30,23.59310741294507,,,19,1,3.0,5.47,5,0,0,0,12.4,0,0,0.94,6.54,106.0,1.0,1,23.9
29,24.65317369004708,,,23,0,7.45,7.11,9,0,0,0,4.07,0,0,0.82,5.0,91.0,0.0,0,23.6
29,20.898374244551988,,,13,0,1.06,5.08,6,1,0,1,18.9,0,0,0.97,2.66,110.0,1.0,0,40.3
20,23.794528186405696,,,12,0,0.15,2.08,6,1,0,1,2.19,0,0,0.92,5.0,86.0,1.0,0,28.7
35,26.031860550343715,,,8,0,0.34,9.81,5,1,1,0,3.6,0,0,0.83,2.28,100.0,1.0,1,24.3
29,19.584674689684107,,,11,0,0.65,2.02,5,0,0,0,3.78,0,0,0.81,1.98,91.0,0.0,0,19.1
26,18.856758669936674,,,12,0,4.04,6.28,6,1,0,1,1.9,0,0,0.94,2.11,120.0,0.0,0,23.8
27,22.462698730312454,,,12,0,3.57,5.79,6,1,0,1,3.17,0,0,0.92,1.22,84.0,0.0,0,90.0
36,26.118303196071462,,,12,0,0.58,4.59,6,0,0,1,2.9,1,1,0.95,2.67,106.0,1.0,0,18.7
31,22.34053158713284,,,5,0,0.34,1.92,6,1,0,0,3.63,0,1,0.83,2.73,91.0,0.0,1,48.0
29,23.91665478307729,,,6,0,4.25,3.62,5,0,0,0,3.3,1,0,0.82,1.67,100.0,0.0,0,17.5
33,22.16918633759656,,,11,0,4.03,6.68,2,1,0,1,10.7,0,0,0.92,2.38,85.0,1.0,0,45.4
40,24.051719009196507,,,7,0,3.83,4.8,5,0,0,1,8.1,0,0,0.88,1.98,115.0,1.0,0,44.1
28,21.89635968825973,,,12,0,2.83,5.71,4,0,1,1,10,1,1,0.91,4.69,100.0,1.0,0,30.3
36,33.54618292921642,,,28,1,2.22,7.1,3,1,1,1,2.8,1,1,0.91,4.23,130.0,1.0,0,35.1
40,24.356016934822804,,,7,0,3.83,4.8,5,0,0,1,8.1,0,0,0.88,1.98,115.0,1.0,0,44.1
29,22.90744017128884,,,10,0,2.71,5.64,5,1,0,1,2.8,0,0,0.88,1.24,225.0,0.0,0,32.7
23,21.780509527647617,,,8,0,5.98,9.59,2,0,0,1,2.9,0,0,0.89,3.63,92.0,0.0,1,21.1
28,27.261907341044797,,,15,0,0.59,3.3,3,1,0,0,9.1,1,0,0.9,2.78,92.0,1.0,0,10.1
22,33.52419899370986,,,2,0,2.19,5.21,5,1,0,0,16.7,1,0,0.9,1.24,77.0,0.0,0,20.8
39,36.652871533465735,,,16,1,2.26,6.4,6,1,1,1,4.1,1,1,0.96,5.0,106.0,1.0,0,32.6
32,23.69232030875479,,,6,0,1.5,4.76,5,0,0,0,2.3,0,0,0.85,2.45,100.0,0.0,0,51.9
35,23.784356252604734,,,16,1,0.77,1.57,5,1,1,1,2.14,1,1,0.89,4.18,100.0,0.0,0,56.25
31,20.13182251266908,,,24,1,1.75,4.96,6,1,0,0,1.1,0,1,0.86,2.2,93.0,0.0,1,25.7
28,21.225870074170988,,,27,1,4.44,6.22,6,1,1,0,4.2,0,1,0.92,0.64,100.0,1.0,1,26.0
32,24.182901907267915,,,3,0,2.02,2.17,6,1,0,0,0.2,1,0,0.89,4.78,115.0,1.0,0,17.3
33,36.83524560238445,,,19,1,0.37,2.81,2,1,0,0,5.75,1,0,0.96,6.55,116.0,1.0,0,21.0
32,25.448345237838534,,,6,0,0.79,5.64,5,0,0,0,4.27,0,0,0.83,4.14,60.0,0.0,0,37.2
29,26.435793666620427,,,11,0,0.99,6.49,5,0,0,0,2.58,0,0,0.83,1.66,92.0,0.0,0,38.44
21,22.392000687983906,,,4,0,2.53,8.55,5,0,0,0,2.2,0,0,0.95,1.79,100.0,0.0,0,13.8
40,18.857007377821063,,,3,0,0.69,4.96,5,0,1,0,0.3,0,0,0.82,1.86,92.0,0.0,0,36.1
25,23.42528848787809,,,24,1,3.57,3.8,3,0,1,1,7.25,1,1,0.95,3.9,90.0,1.0,0,55.6
30,25.006314756034296,,,17,0,0.3,1.48,5,0,0,0,3.86,0,0,0.88,1.44,116.0,0.0,0,16.9
37,31.60380971331575,,,26,1,3.22,9.22,5,0,1,1,10.25,1,1,0.93,1.68,350.0,1.0,0,48.96
40,22.616757908485603,,,7,0,3.83,4.8,5,0,0,1,8.1,0,0,0.88,1.98,115.0,1.0,0,44.1
28,29.34963890853433,,,31,1,2.43,4.66,5,0,0,0,8.46,0,0,0.88,4.64,104.0,0.0,0,18.7
33,22.114802836801434,,,11,0,4.03,6.68,2,1,0,1,10.7,0,0,0.92,2.38,85.0,1.0,0,45.4
28,23.19957622656628,,,12,0,2.83,5.71,4,0,1,1,10,1,1,0.91,4.69,100.0,1.0,0,30.3
30,24.673941606077843,,,17,0,0.3,1.48,5,0,0,0,3.86,0,0,0.88,1.44,116.0,0.0,0,16.9
21,32.105910302304736,,,18,1,1.39,3.41,3,1,1,1,14.7,1,1,0.86,5.0,85.0,1.0,0,33.7
39,24.81148863270265,,,8,0,3.37,4.61,5,0,0,1,3.3,1,0,0.88,4.33,100.0,0.0,0,29.0
27,19.81810994055667,,,4,0,0.1,1.85,6,1,1,0,3.5,0,1,0.94,3.79,73.0,0.0,1,22.3
30,17.17953386899616,,,23,1,0.46,8.25,4,0,0,0,0.98,0,0,0.86,3.51,84.0,0.0,1,30.5
27,17.628244525861927,,,38,1,2.16,4.56,2,1,1,0,7.2,0,0,0.96,0.86,100.0,0.0,0,37.9
39,25.573858435850497,,,23,1,1.95,5.4,4,0,1,0,0.37,0,1,0.94,1.0,94.0,1.0,0,18.6
29,29.1517802836127,,,21,1,6.42,5.76,3,0,1,0,6,1,1,0.93,0.95,92.0,1.0,0,36.2
28,28.955265553561738,,,31,1,2.43,4.66,5,0,0,0,8.46,0,0,0.88,4.64,104.0,0.0,0,18.7
32,17.195030032171402,,,4,0,4.1,5.51,5,1,0,0,3.86,0,0,0.88,2.27,108.0,1.0,1,32.6
23,19.829527152916544,,,8,0,5.98,9.59,2,0,0,1,2.9,0,0,0.89,3.63,92.0,0.0,1,21.1
26,25.89995743908953,,,17,1,7.89,7.12,5,1,1,0,8.9,1,0,0.88,2.29,107.0,1.0,0,23.4
31,25.12961533733015,,,6,0,0.26,2.95,5,1,1,1,0.9,0,0,0.95,3.23,92.0,0.0,1,25.5
33,25.20934730961063,,,28,1,0.88,5.54,5,1,0,1,6.63,0,0,0.9,2.54,84.0,1.0,0,49.7
46,24.558457068605502,,,38,1,0.37,2.85,4,0,0,0,16.6,1,0,0.93,1.13,92.0,1.0,0,23.7
32,22.52135144715505,,,13,1,2018.0,4.33,5,1,0,0,7.7,0,0,0.89,2.1,93.0,0.0,1,41.04
24,24.32294282586738,,,21,1,6.03,4.62,9,0,1,0,16.9,1,1,0.87,1.46,120.0,1.0,1,15.3
23,23.03385487016341,,,30,1,2.59,4.07,4,0,1,1,5.61,1,0,0.94,2.04,108.0,1.0,0,15.36
29,27.24887190200216,,,11,1,1.0,3.18,6,0,1,1,2.1,1,1,0.93,2.47,92.0,1.0,0,31.6
32,23.869951290658356,,,3,0,2.02,2.17,6,1,0,0,0.2,1,0,0.89,4.78,115.0,1.0,0,17.3
32,24.93767198836643,,,6,0,1.5,4.76,5,0,0,0,2.3,0,0,0.85,2.45,100.0,0.0,0,51.9
34,22.7723369708445,,,40,1,2.3,2.24,7,0,0,0,0.85,0,0,0.97,6.66,90.0,0.0,0,46.21
28,21.695509195097948,,,27,1,4.44,6.22,6,1,1,0,4.2,0,1,0.92,0.64,100.0,1.0,1,26.0
32,26.3745154714386,,,27,1,0.42,3.13,5,0,0,1,4.57,1,1,0.92,1.45,102.0,1.0,0,21.2
36,24.229538229433256,,,15,1,1.6,3.72,4,1,1,0,1.6,1,0,0.92,1.6,92.0,1.0,0,24.6
26,20.65576804591309,,,18,1,4.66,3.71,7,1,0,0,19.6,0,0,0.93,1.4,100.0,0.0,0,32.1
26,24.737097808461087,,,9,0,2.18,6.21,2,0,1,1,1.6,0,1,0.85,2.44,100.0,1.0,1,25.3
28,29.21327503863482,,,12,0,2.72,5.3,5,0,1,1,1.86,1,0,0.9,2.49,90.0,1.0,0,61.58
24,29.233722763065188,,,12,1,9.9,5.9,2,1,0,0,11.48,1,1,0.86,1.73,91.0,1.0,1,13.0
27,22.05115144789788,,,13,0,4.33,4.4,2,1,0,0,5.2,0,0,0.93,2.5,115.0,0.0,0,22.4
27,25.017476842458517,,,19,1,3.07,5.4,4,1,1,0,9,0,0,0.89,6.75,100.0,0.0,1,23.1
28,29.316789130683897,,,6,0,0.75,8.96,5,0,1,1,2,0,1,0.84,1.04,92.0,0.0,0,20.0
36,24.956249642218403,,,6,0,2.46,4.75,5,1,0,1,4.8,0,0,0.89,0.95,92.0,1.0,0,25.4
35,22.08660042215357,,,5,0,2.22,5.04,5,1,0,0,0.28,0,0,0.94,0.81,94.0,0.0,1,25.0
26,22.243857599114992,,,9,0,4.35,5.38,6,1,0,1,5.78,0,0,0.84,2.56,108.0,1.0,0,15.2
32,25.99262333018858,,,3,0,3.24,6.03,5,1,0,1,1,1,0,0.89,3.28,85.0,1.0,0,25.1
26,23.87779362154652,,,26,1,2.01,5.05,5,1,0,0,0.9,1,0,0.9,1.27,92.0,1.0,0,32.8
40,21.285082955775767,,,8,0,3.31,5.65,6,0,0,1,0.5,0,0,0.88,3.85,107.0,0.0,1,24.3
45,38.09002680694084,,,25,1,0.2,65.4,4,1,1,1,11.1,1,1,0.91,2.96,86.0,1.0,0,18.7
28,23.60122601519272,,,10,0,0.22,2.9,7,1,1,1,3.9,1,1,0.84,1.78,92.0,0.0,0,30.5
32,24.558257953178845,,,25,1,3.55,3.58,2,0,0,0,0.78,1,0,0.87,0.58,102.0,0.0,0,15.3
30,22.5605515349206,,,15,0,6.26,6.3,4,1,0,1,8.1,0,0,0.94,2.58,112.0,0.0,1,26.3
25,22.996483129707507,,,13,0,0.57,2.77,5,0,0,0,2.36,0,0,0.83,3.85,92.0,0.0,0,45.5
34,27.869696671220257,,,12,0,2.3,4.08,5,0,0,0,4.13,0,0,0.89,1.25,116.0,0.0,0,28.6
32,23.856513296616413,,,13,0,2.11,4.33,5,0,0,1,7.7,0,0,0.94,2.1,93.0,0.0,1,41.0
27,23.964600792791234,,,6,0,0.67,1.85,6,1,0,1,3,0,0,0.89,2.13,92.0,0.0,0,34.5
28,21.694420865880005,,,26,0,3.23,4.73,6,1,0,1,1.68,0,0,0.94,1.22,115.0,0.0,0,33.55
27,22.343700300231383,,,8,0,1.08,2.1,5,1,0,1,1.14,0,0,0.92,3.4,100.0,0.0,0,25.4
28,23.05697382951922,,,20,0,0.62,3.76,6,0,0,0,3.02,0,0,0.89,1.82,120.0,1.0,0,52.4
30,22.038645984597423,,,15,0,6.26,6.3,4,1,0,1,8.1,0,0,0.94,2.58,112.0,0.0,1,26.3
35,22.546617263060604,,,23,1,1.17,2.557,4,1,1,1,4.15,1,0,0.89,3.03,138.0,1.0,1,6.077
30,29.972608362265703,,,12,0,1.31,3.4,5,1,0,1,2.23,1,0,0.9,1.68,110.0,1.0,0,36.5
30,28.33158242250673,,,13,1,3.27,6.4,11,1,1,1,18.4,1,0,0.76,4.18,100.0,1.0,1,41.8
30,20.873447188569465,,,31,0,1.02,2.05,5,0,1,0,3.38,0,1,0.89,1.84,116.0,1.0,1,39.81
34,23.121404294823662,,,14,0,0.41,3.39,5,0,0,0,3.91,0,0,0.9,1.49,133.0,0.0,0,29.8
32,20.228606311205706,,,10,0,3.81,7.09,5,1,0,1,2.04,0,0,0.91,1.361,92.0,1.0,0,47.36
25,25.27943554678565,,,11,0,1.06,4.6,5,0,0,0,3.56,0,0,0.81,3.79,106.0,0.0,0,36.56
31,26.416484428909328,,,19,0,3.46,5.28,5,0,1,1,6.26,0,0,0.92,2.48,116.0,1.0,1,16.25
31,25.067063521022693,,,19,0,3.46,5.28,5,0,1,1,6.26,0,0,0.92,2.48,116.0,1.0,1,16.25
26,25.02254209574504,,,25,1,4.62,6.83,2,1,1,0,5.9,1,0,0.9,2.39,76.0,1.0,0,38.6
23,24.757513952352458,,,2,0,4.1,7.72,5,0,0,0,5.1,0,0,0.94,5.0,92.0,0.0,0,25.9
37,30.676159765056468,,,26,1,3.22,9.22,5,0,1,1,10.25,1,1,0.93,1.68,350.0,1.0,0,48.96
30,20.76306919870548,,,31,0,1.02,2.05,5,0,1,0,3.38,0,1,0.89,1.84,116.0,1.0,1,39.81
30,24.986328964029425,,,26,1,7.2,4.75,4,1,0,0,7.2,1,1,0.92,4.75,92.0,1.0,0,33.8
30,28.892527208190742,,,13,1,3.27,6.4,11,1,1,1,18.4,1,0,0.76,4.18,100.0,1.0,1,41.8
29,23.360676350366887,,,10,0,2.71,5.64,5,1,0,1,2.8,0,0,0.88,1.24,225.0,0.0,0,32.7
35,26.953235269183672,,,10,0,2.78,2.75,3,0,0,1,7.9,1,0,0.95,1.57,110.0,1.0,0,21.7
38,21.76798475427917,,,11,0,2.42,8.49,5,0,0,0,3.22,0,0,0.85,4.45,130.0,0.0,0,45.3
33,24.84532760648193,,,14,1,12.04,5.02,2,1,0,0,0.8,0,0,0.95,3.15,100.0,1.0,0,40.2
32,20.525646605095787,,,5,0,4.22,11.12,5,0,0,0,1.8,0,0,0.82,0.9,110.0,1.0,1,27.9
33,21.79964073781435,,,15,1,4.54,5.84,5,1,1,1,1,0,1,0.84,3.74,92.0,1.0,0,31.55
35,28.363013577994224,,,1,0,3.23,6.51,3,0,0,0,1.2,1,0,0.95,4.61,100.0,1.0,0,27.2
40,23.01357507799249,,,20,0,0.02,1.0,5,0,0,0,2.26,0,0,0.89,1.52,125.0,0.0,0,55.9
23,20.992495815918904,,,17,0,1.8,5.32,5,0,0,0,2.1,0,0,0.84,5.17,70.0,0.0,0,14.0
39,21.083492070463947,,,12,0,2.0,3.8,5,0,0,0,4.13,0,0,0.88,4.35,100.0,0.0,0,23.7
32,29.96064080041178,,,21,1,4.3,6.55,3,1,0,1,8,1,1,0.9,2.27,85.0,1.0,0,36.6
30,23.91917692278343,,,6,0,2.37,5.7,5,1,1,0,5.76,0,0,0.86,2.36,108.0,0.0,1,28.7
26,17.297011021027245,,,11,0,5.22,6.56,5,0,0,1,7.02,0,0,0.84,1.66,100.0,0.0,0,14.5
40,26.37784621358194,,,19,0,3.44,6.56,5,0,0,0,16,0,1,0.89,5.0,92.0,1.0,1,21.6
23,20.79878723213411,,,8,0,5.98,9.59,2,0,0,1,2.9,0,0,0.89,3.63,92.0,0.0,1,21.1
23,20.331618338461208,,,8,0,5.98,9.59,6,1,0,1,2.9,0,0,0.92,3.63,92.0,0.0,0,21.1
30,22.291244476718568,,,15,0,6.26,6.3,4,1,0,1,8.1,0,0,0.94,2.58,112.0,0.0,1,26.3
28,23.01119782645733,,,19,1,1.97,4.89,5,1,0,0,1.06,1,1,0.82,1.57,100.0,1.0,0,34.1
36,24.494111958214056,,,8,0,0.25,1.63,6,1,0,1,3.41,0,0,0.89,0.81,116.0,0.0,0,18.5
23,24.00655988359712,,,10,0,2.15,6.09,6,1,0,1,3.29,0,0,0.92,1.37,93.0,0.0,0,26.0
36,33.856155693363725,,,28,1,2.22,7.1,3,1,1,1,2.8,1,1,0.91,4.23,130.0,1.0,0,35.1
26,27.024288387949387,,,7,0,6.68,7.31,5,0,0,0,0.35,1,0,0.89,2.95,92.0,0.0,0,14.36
31,24.06574748868301,,,20,1,0.9,1.8,2,1,1,0,15,0,1,0.9,1.86,92.0,1.0,0,23.6
22,22.931866129936356,,,16,0,3.67,4.69,6,1,0,1,3.9,0,0,0.87,3.62,100.0,1.0,0,35.5
29,20.73649456331912,,,10,0,3.68,5052.0,6,1,0,1,3.5,0,0,0.92,0.83,108.0,1.0,0,28.6
35,19.669629785534244,,,6,0,3.64,7.77,5,0,0,0,6.4,0,1,0.83,1.45,110.0,1.0,0,24.6
28,31.35847061929187,,,29,1,2.77,4.5,4,0,1,1,9,1,1,0.9,4.04,108.0,1.0,0,10.22
26,20.96506382853817,,,8,0,3.79,7.14,5,0,0,1,3.4,0,0,0.88,1.0,100.0,1.0,0,28.1
30,19.555564558922548,,,13,0,2.23,7.86,5,1,1,1,4.1,1,1,0.94,1.54,83.0,1.0,0,22.1
25,32.524028476467514,,,15,0,5.16,7.1,5,0,0,1,2.31,1,0,0.9,2.15,100.0,1.0,0,31.4
26,19.641843431483093,,,8,0,3.79,7.14,5,0,0,1,3.4,0,0,0.88,1.0,100.0,1.0,0,28.1
28,23.177201889919875,,,19,1,1.97,4.89,5,1,0,0,1.06,1,1,0.82,1.57,100.0,1.0,0,34.1
23,23.39926577315652,,,28,1,1.99,40.08,5,1,1,1,10.8,0,1,0.89,1.35,108.0,0.0,1,29.4
29,25.6106249479049,,,25,1,6.82,5.43,4,1,1,1,3.65,1,0,0.86,3.55,91.0,1.0,0,26.6
31,38.07259024475663,,,23,1,2.08,3.68,12,1,1,1,4.59,1,1,0.82,5.0,108.0,1.0,0,28.3
37,32.53535583297678,,,26,1,3.22,9.22,5,0,1,1,10.25,1,1,0.93,1.68,350.0,1.0,0,48.96
24,23.082220394270465,,,21,1,6.03,4.62,9,0,1,0,16.9,1,1,0.87,1.46,120.0,1.0,1,15.3
40,26.54458386890351,,,6,0,0.6,1.0,6,1,0,0,6.9,1,1,0.9,4.45,92.0,1.0,1,17.1
33,24.062566819926285,,,28,1,0.88,5.54,5,1,0,1,6.63,0,0,0.9,2.54,84.0,1.0,0,49.7
32,19.127510633029328,,,5,0,4.22,11.12,5,0,0,0,1.8,0,0,0.82,0.9,110.0,1.0,1,27.9
26,25.630870854750004,,,17,1,7.89,7.12,5,1,1,0,8.9,1,0,0.88,2.29,107.0,1.0,0,23.4
34,19.35485452555243,,,9,0,3.48,3.1,5,0,0,0,7.9,0,0,0.93,2.17,103.0,0.0,0,27.1
32,21.308660697061462,,,3,0,8.96,5.1,5,0,0,0,0.86,0,0,0.84,4.3,97.0,0.0,0,29.8
30,24.573854988623232,,,5,0,14.69,7.78,9,0,0,0,3.3,0,0,0.83,2.9,100.0,1.0,1,56.3
32,24.87422546735575,,,27,1,0.42,3.13,5,0,0,1,4.57,1,1,0.92,1.45,102.0,1.0,0,21.2
28,20.25334989390402,,,8,0,3.75,5.57,5,0,0,0,5.5,0,1,0.93,2.08,100.0,0.0,0,32.0
24,28.29131343203306,,,19,1,9.9,5.9,4,1,1,1,11.48,1,0,0.88,1.73,91.0,1.0,0,25.69
30,29.55993300023842,,,41,1,2.78,6.18,3,1,1,1,3.84,1,1,0.84,4.28,100.0,1.0,1,25.14
34,31.216953974367275,,,9,0,1.97,4.86,11,0,1,0,17,0,1,0.88,1.04,108.0,1.0,1,39.4
36,28.25839878071659,,,20,0,1.2,4.24,5,0,0,0,8.98,0,0,0.88,2.8,134.0,0.0,0,11.3
30,28.99675625801771,,,41,1,2.78,6.18,3,1,1,1,3.84,1,1,0.84,4.28,100.0,1.0,1,25.14
29,27.893803986154595,,,11,1,1.0,3.18,6,0,1,1,2.1,1,1,0.93,2.47,92.0,1.0,0,31.6
33,21.508431970497885,,,2,0,0.48,7.6,5,0,1,0,3.9,0,0,0.79,1.67,100.0,0.0,0,33.4
31,22.13463147164056,,,10,0,0.35,1.8,6,1,0,1,1.5,0,0,0.92,0.53,100.0,1.0,0,34.0
34,24.837499231582058,,,4,0,0.63,3.27,6,0,0,0,3.9,1,1,0.92,1.46,115.0,1.0,0,23.9
26,16.462101092344092,,,9,0,2.53,2.72,6,0,0,0,3.8,0,1,0.89,1.5,130.0,0.0,0,47.8
32,23.075969133524676,,,5,0,1.52,4.61,6,1,0,0,11.4,1,0,0.89,1.4,100.0,0.0,1,20.1
25,24.74041897818018,,,3,0,4.21,5.68,5,0,1,1,10.6,0,0,0.94,2.76,92.0,0.0,0,19.3
24,25.862973338161307,,,30,1,2.73,5.97,5,1,0,1,4.5,1,1,0.84,3.3,125.0,1.0,0,19.3
28,24.84278054066539,,,33,1,0.77,3.44,5,1,1,0,5.25,1,1,0.9,0.75,140.0,1.0,1,43.68
23,22.120509467095868,,,17,0,1.8,5.32,5,0,0,0,2.1,0,0,0.84,5.17,70.0,0.0,0,14.0
44,31.61579588666412,,,14,0,2.02,7.81,5,1,0,0,3.03,1,0,0.85,3.25,125.0,0.0,0,27.5
25,22.92726829531,,,11,0,0.91,5.46,3,0,0,1,26.8,0,0,0.94,3.25,70.0,0.0,0,21.4
22,34.001545927160976,,,2,0,2.19,5.21,5,1,0,0,16.7,1,0,0.9,1.24,77.0,0.0,0,20.8
32,23.49395548820821,,,6,0,1.5,4.76,5,0,0,0,2.3,0,0,0.85,2.45,100.0,0.0,0,51.9
22,24.33124195440696,,,23,1,1.44,5.71,2,0,0,0,3.65,0,0,0.89,1.31,100.0,0.0,0,27.7
43,16.597174622949087,,,8,0,7.09,14.99,6,1,0,0,0.16,0,0,0.93,6.09,100.0,0.0,1,24.5
28,23.104004558657547,,,12,0,2.83,5.71,4,0,1,1,10,1,1,0.91,4.69,100.0,1.0,0,30.3
32,24.906345236420275,,,5,0,1.52,4.61,6,1,0,0,11.4,1,0,0.89,1.4,100.0,0.0,1,20.1
27,31.71257657785914,,,5,0,5.33,7.26,4,1,0,1,4.3,1,0,0.95,6.07,93.0,1.0,0,21.8
32,19.471892464301785,,,10,0,0.51,3.99,6,1,0,1,2.83,0,0,0.83,2.04,84.0,1.0,0,60.2
23,26.969813544720022,,,19,1,1.5,4.5,5,1,0,1,9.9,1,1,0.9,2.04,92.0,1.0,0,18.0
45,22.60023563451701,,,9,0,3.6,4.08,6,1,0,0,4.8,0,1,0.92,1.96,130.0,1.0,0,17.4
30,19.97308693325712,,,11,0,3.79,6.06,6,1,0,1,3.02,0,0,0.95,2.26,91.0,1.0,1,48.63
25,19.338053258349927,,,7,0,0.9,3.98,5,0,0,1,2.26,0,0,0.81,3.57,84.0,0.0,0,43.8
37,25.690929745287484,,,2,0,5.1,9.1,6,0,0,0,2.01,1,1,0.84,2.85,91.0,1.0,0,17.1
32,15.846658509196937,,,13,0,4.89,7.87,5,0,0,0,2.35,0,0,0.88,5.0,107.0,0.0,0,56.2
23,23.748711742017267,,,10,0,2.15,6.09,6,1,0,1,3.29,0,0,0.92,1.37,93.0,0.0,0,26.0
28,16.39375350520832,,,15,0,0.63,2.59,6,1,0,0,5.8,0,1,0.86,5.74,84.0,1.0,0,39.3
40,23.42474841452208,,,7,0,3.83,4.8,5,0,0,1,8.1,0,0,0.88,1.98,115.0,1.0,0,44.1
30,27.059726155095227,,,13,0,0.92,0.21,5,1,0,1,2.17,1,0,0.92,1.75,77.0,1.0,0,22.9
35,25.45301563130638,,,7,0,3.42,6.52,6,1,0,0,2.5,1,0,0.89,0.77,92.0,0.0,1,20.0
34,21.02040304207732,,,22,0,2.7,3.23,5,0,0,0,16,0,1,0.88,3.92,92.0,0.0,0,21.7
26,21.775942204516465,,,5,0,3.25,6.12,6,1,0,0,3.2,0,0,0.92,4.75,84.0,0.0,1,31.6
28,24.921784596036066,,,21,1,1.19,2.41,3,1,0,0,1.56,1,1,0.83,3.44,100.0,1.0,0,23.14
28,22.89589952129418,,,26,0,3.23,4.73,6,1,0,1,1.68,0,0,0.94,1.22,115.0,0.0,0,33.55
23,22.676414247485585,,,30,1,2.59,4.07,4,0,1,1,5.61,1,0,0.94,2.04,108.0,1.0,0,15.36
27,24.44562167972908,,,13,0,2.37,5.86,5,1,0,1,1.97,0,1,0.97,1.0,116.0,0.0,0,25.3
27,32.555530669335425,,,5,0,5.33,7.26,4,1,0,1,4.3,1,0,0.95,6.07,93.0,1.0,0,21.8
24,18.5162736798818,,,14,0,9.38,3.74,5,0,0,0,18.2,0,0,0.93,1.69,92.0,0.0,0,26.9
21,26.85272086182575,,,2,0,5.11,4.13,6,0,0,1,21.9,0,1,0.83,1.26,125.0,0.0,1,33.4
40,25.80762883687059,,,19,0,3.44,6.56,5,0,0,0,16,0,1,0.89,5.0,92.0,1.0,1,21.6
24,28.802887083657417,,,12,1,9.9,5.9,2,1,0,0,11.48,1,1,0.86,1.73,91.0,1.0,1,13.0
30,25.528901616817517,,,5,0,14.69,7.78,9,0,0,0,3.3,0,0,0.83,2.9,100.0,1.0,1,56.3
36,24.41049566878748,,,17,1,9.87,5.26,2,1,1,1,9.8,0,0,0.87,1.45,85.0,1.0,0,42.1
26,22.649404751850263,,,9,0,4.35,5.38,6,1,0,1,5.78,0,0,0.84,2.56,108.0,1.0,0,15.2
21,24.951653573808724,,,2,0,5.11,4.13,6,0,0,1,21.9,0,1,0.83,1.26,125.0,0.0,1,33.4
34,24.11229700939874,,,12,0,4.75,6.89,4,1,1,0,7.81,0,0,0.83,1.61,98.0,0.0,1,54.01
36,29.13866055305552,,,20,0,1.2,4.24,5,0,0,0,8.98,0,0,0.88,2.8,134.0,0.0,0,11.3
47,23.222110717304957,,,12,0,1.4,4.59,5,1,0,1,3.33,0,0,0.89,5.89,100.0,1.0,0,35.4
27,15.36838373034997,,,23,1,5.11,4.25,5,1,1,0,21.8,1,1,0.93,2.08,79.0,1.0,0,23.3
32,26.30529790135904,,,12,0,2.48,4.33,5,0,0,1,3.56,0,1,0.84,1.51,91.0,0.0,0,31.5
28,24.36916620199165,,,20,0,0.62,3.76,6,0,0,0,3.02,0,0,0.89,1.82,120.0,1.0,0,52.4
33,19.132763510200693,,,17,0,4.51,7.05,5,0,0,0,12,0,0,0.86,8.47,100.0,0.0,0,28.6
29,22.36303460939011,,,2,0,4.32,5.71,5,0,0,0,9.1,0,1,0.89,3.98,123.0,1.0,1,19.7
34,24.74148972564404,,,6,0,3.45,6.42,5,0,0,1,10.9,1,0,0.87,2.64,100.0,0.0,0,39.1
28,27.662293676285948,,,15,0,0.59,3.3,3,1,0,0,9.1,1,0,0.9,2.78,92.0,1.0,0,10.1
31,20.51166967482248,,,17,1,4.09,7.08,4,1,0,0,4.5,1,1,0.82,2.24,107.0,1.0,1,64.2
34,29.937054851626755,,,1,0,3.05,5.59,6,1,1,1,4.2,1,1,0.95,3.67,95.0,1.0,0,13.9
30,23.35277703232732,,,15,0,6.26,6.3,4,1,0,1,8.1,0,0,0.94,2.58,112.0,0.0,1,26.3
36,21.16794465357153,,,12,0,1.99,3.99,5,0,0,0,2.36,0,0,0.82,2.376,100.0,0.0,0,45.55
32,15.921440620255122,,,4,0,4.1,5.51,5,1,0,0,3.86,0,0,0.88,2.27,108.0,1.0,1,32.6
30,18.384427841637844,,,4,0,4.45,5.64,5,1,0,1,1.68,0,0,0.94,10.22,91.0,0.0,0,29.1
29,26.330898292358366,,,13,0,1.61,1.99,6,1,0,1,5.96,1,0,0.89,1.77,95.0,1.0,0,22.7
25,22.491116908524194,,,13,0,0.57,2.77,5,0,0,0,2.36,0,0,0.83,3.85,92.0,0.0,0,45.5
22,32.51309073046855,,,16,1,4.06,4.14,5,1,0,0,17.9,1,1,0.82,2.9,92.0,1.0,1,22.92
24,19.05536955805272,,,14,0,9.38,3.74,5,0,0,0,18.2,0,0,0.93,1.69,92.0,0.0,0,26.9
22,33.159581931850155,,,2,0,2.19,5.21,5,1,0,0,16.7,1,0,0.9,1.24,77.0,0.0,0,20.8
24,22.321453134371207,,,18,0,0.43,1.72,5,0,0,0,17.6,1,0,0.94,4.02,100.0,0.0,0,44.8
32,23.38951247887188,,,12,0,1.43,3.98,5,1,0,0,4.6,0,1,0.89,4.29,80.0,1.0,1,26.1
38,22.633127482671934,,,16,0,2.62,4.3,3,1,0,1,11,0,0,0.88,2.42,80.0,1.0,0,29.4
26,26.864297847319406,,,17,1,7.89,7.12,5,1,1,0,8.9,1,0,0.88,2.29,107.0,1.0,0,23.4
23,28.89651242171422,,,19,1,1.5,4.5,5,1,0,1,9.9,1,1,0.9,2.04,92.0,1.0,0,18.0
45,23.43293680369896,,,6,0,3.05,5.27,6,1,0,1,2.5,0,0,0.92,3.69,100.0,0.0,1,37.9
31,26.7411710459923,,,19,0,3.46,5.28,5,0,1,1,6.26,0,0,0.92,2.48,116.0,1.0,1,16.25
29,25.380552452025448,,,26,1,0.4,2.91,4,0,1,1,7.51,1,0,0.8,1.64,108.0,1.0,0,31.2
22,31.56129860465573,,,16,1,4.06,4.14,5,1,0,0,17.9,1,1,0.82,2.9,92.0,1.0,1,22.92
39,20.233026354663444,,,4,0,7.58,4.84,5,0,0,0,5.42,0,0,0.9,3.63,91.0,0.0,0,21.3
38,29.0135480924893,,,24,1,2.53,10.52,2,1,1,1,10.07,1,1,0.86,1.32,83.2,1.0,0,70.53
36,29.348575519804527,,,20,0,1.2,4.24,5,0,0,0,8.98,0,0,0.88,2.8,134.0,0.0,0,11.3
38,39.54120218221704,,,3,0,2.6,5.01,5,0,0,0,1.03,0,0,0.85,1.87,100.0,0.0,0,36.85
32,23.48669683991511,,,11,1,7.52,5.02,9,1,0,1,21,1,1,0.87,1.46,92.0,1.0,1,32.9
26,19.744738078458987,,,14,0,3.13,5.09,4,0,1,0,8.75,0,0,0.78,2.56,73.0,0.0,0,9.6
21,22.228475073590776,,,4,0,2.53,8.55,5,0,0,0,2.2,0,0,0.95,1.79,100.0,0.0,0,13.8
40,13.797200672230469,,,11,0,1.6,5.01,3,0,0,0,8.5,0,0,0.93,5.0,88.0,1.0,1,27.7
29,25.7840582330377,,,8,0,0.42,5.36,5,0,0,0,1.8,1,1,0.84,0.69,108.0,0.0,1,15.3
29,29.47789418791648,,,19,1,6.42,5.76,3,1,0,1,6,1,1,0.9,0.95,92.0,1.0,0,36.2
27,25.58905083276051,,,21,0,7.46,6.35,8,0,0,0,4.6,0,0,0.88,3.72,92.0,0.0,0,49.3
24,30.377277065710192,,,25,1,1.87,3.07,5,1,1,0,4.71,1,1,0.9,4.07,86.0,1.0,0,24.0
35,22.575862324793288,,,6,0,0.51,2.2,4,0,0,0,3.3,0,0,0.97,2.46,115.0,0.0,0,24.0
23,22.69397309125904,,,16,1,2.19,3.26,4,1,1,1,5.69,1,0,0.92,0.55,133.0,1.0,1,8.6
32,24.84130288369083,,,14,0,6.08,9.43,5,0,0,0,1.2,0,0,0.9,2.82,100.0,0.0,0,56.25
30,28.24849902224229,,,4,0,0.2,1.76,4,0,1,1,2,0,1,0.95,0.94,92.0,0.0,1,35.8
40,26.55166010960429,,,19,0,3.44,6.56,5,0,0,0,16,0,1,0.89,5.0,92.0,1.0,1,21.6
40,23.548615566624136,,,5,0,1.94,5.01,5,0,0,1,4.5,0,0,0.79,2.08,98.0,0.0,1,52.2
30,31.423980084169752,,,24,1,0.81,1.89,7,1,1,1,2.07,0,1,0.95,2.87,100.0,1.0,0,28.0
35,23.8445377884018,,,23,1,1.17,2.557,4,1,1,1,4.15,1,0,0.89,3.03,138.0,1.0,1,6.077
33,22.050609728032924,,,38,1,1.22,3.84,5,1,1,1,5.67,1,0,0.8,2.48,100.0,1.0,1,54.7
27,22.91371381922021,,,12,0,3.57,5.79,6,1,0,1,3.17,0,0,0.92,1.22,84.0,0.0,0,90.0
27,21.891876418742346,,,12,0,1.12,2.63,5,0,0,1,4.66,0,1,0.83,1.0,100.0,1.0,1,41.0
28,28.03343710905108,,,31,1,2.43,4.66,5,0,0,0,8.46,0,0,0.88,4.64,104.0,0.0,0,18.7
45,21.04951914354743,,,12,1,1.99,2.24,4,1,1,1,6.5,1,1,0.9,22.59,138.0,1.0,0,10.5
25,21.821842245708712,,,10,0,10.75,6.54,5,1,0,0,19.3,0,0,0.83,1.29,100.0,1.0,0,36.8
27,17.413295835232628,,,21,1,3.07,5.4,5,0,0,0,9,0,1,0.89,6.75,100.0,1.0,1,23.1
33,22.486551659457344,,,38,1,1.22,3.84,5,1,1,1,5.67,1,0,0.8,2.48,100.0,1.0,1,54.7
38,27.628119364402423,,,24,1,2.53,10.52,2,1,1,1,10.07,1,1,0.86,1.32,83.2,1.0,0,70.53
22,20.334208742737083,,,16,1,1.0,2.0,5,1,1,1,2.19,1,1,0.84,2.78,107.0,1.0,0,18.7
24,23.90590965618548,,,21,1,6.03,4.62,9,0,1,0,16.9,1,1,0.87,1.46,120.0,1.0,1,15.3
35,19.81275953349648,,,12,0,1.56,3.25,5,0,0,0,3.18,0,0,0.86,1.75,116.0,0.0,0,34.2
42,23.99313546753389,,,9,0,0.2,2.97,5,1,0,1,12.8,0,0,0.89,3.58,107.0,1.0,0,23.1
26,31.384255004698943,,,6,0,3.34,6.87,5,0,0,0,2.31,0,0,0.89,2.33,92.0,0.0,0,25.65
36,26.086170538924755,,,15,0,1.07,3.24,5,0,0,1,6.74,1,0,0.86,1.6,76.0,0.0,0,52.4
26,25.664773031256665,,,7,0,6.68,7.31,5,0,0,0,0.35,1,0,0.89,2.95,92.0,0.0,0,14.36
36,23.19476142305442,,,5,0,1.03,7.92,5,0,0,0,2.1,1,1,0.81,4.04,92.0,0.0,1,26.5
32,23.8043200044514,,,13,0,2.11,4.33,5,0,0,1,7.7,0,0,0.94,2.1,93.0,0.0,1,41.0
22,24.362691994209097,,,19,0,2.66,4.36,4,1,0,0,3.7,0,0,0.95,2.08,115.0,0.0,0,21.4
25,20.421681211053876,,,7,0,0.9,3.98,5,0,0,1,2.26,0,0,0.81,3.57,84.0,0.0,0,43.8
41,21.51028275991969,,,3,0,2.35,9.66,5,0,0,0,5.8,0,0,0.89,3.27,115.0,0.0,0,36.55
38,29.92811709035425,,,4,0,1.35,4.32,5,1,1,0,2.8,1,0,0.88,1.12,100.0,1.0,0,20.5
30,24.06743383520141,,,17,1,14.24,6.86,2,1,1,0,15.7,1,1,0.87,2.32,100.0,1.0,0,18.7
32,15.059324792880885,,,1,0,0.46,1.7,4,0,0,0,6.2,0,0,0.94,2.84,72.0,1.0,0,20.9
30,16.933650682297984,,,4,0,0.22,2.44,5,1,0,1,3.3,0,0,0.91,0.79,100.0,0.0,0,13.4
39,22.099630406131165,,,12,0,2.0,3.8,5,0,0,0,4.13,0,0,0.88,4.35,100.0,0.0,0,23.7
34,29.073456942548447,,,21,1,2.7,4.76,4,1,1,1,22,1,0,0.92,2.3,93.0,1.0,0,22.7
29,30.40666368129193,,,19,1,6.42,5.76,3,1,0,1,6,1,1,0.9,0.95,92.0,1.0,0,36.2
32,25.2322264146821,,,6,0,0.79,5.64,5,0,0,0,4.27,0,0,0.83,4.14,60.0,0.0,0,37.2
36,23.88662868923188,,,1,0,2.78,11.96,6,0,0,0,3.7,0,0,0.93,2.87,92.0,0.0,0,22.5
36,13.205120044348908,,,12,0,0.95,1.32,6,1,0,1,2.9,0,0,0.94,0.92,80.0,0.0,0,31.5
36,12.889451625053193,,,12,0,0.95,1.32,6,1,0,1,2.9,0,0,0.94,0.92,80.0,0.0,0,31.5
23,23.983451462953216,,,10,0,2.15,6.09,6,1,0,1,3.29,0,0,0.92,1.37,93.0,0.0,0,26.0
30,27.89321802137242,,,18,1,2.06,11.62,2,1,1,1,1,1,1,0.84,2.13,108.0,1.0,0,32.4
29,21.73394158489429,,,11,0,3.26,7.08,5,0,0,1,18.5,1,1,0.89,2.78,140.0,0.0,0,19.0
31,26.226772342332545,,,6,0,0.26,2.95,5,1,1,1,0.9,0,0,0.95,3.23,92.0,0.0,1,25.5
44,26.62603677333898,,,14,0,0.15,2.81,5,1,0,0,4.6,0,0,0.95,1.01,82.0,0.0,0,16.9
36,24.44952521899972,,,17,1,9.87,5.26,2,1,1,1,9.8,0,0,0.87,1.45,85.0,1.0,0,42.1
24,23.874421203726,,,14,0,1.97,2.79,5,0,0,0,4.33,0,0,0.85,1.48,100.0,0.0,0,25.366
37,22.654284672501564,,,13,0,0.98,3.51,5,0,0,0,2.33,0,0,0.84,5.2,92.0,0.0,0,25.6
36,25.90765477369984,,,15,0,1.07,3.24,5,0,0,1,6.74,1,0,0.86,1.6,76.0,0.0,0,52.4
36,25.428548926989464,,,5,0,1.78,5.21,5,1,0,0,0.9,0,0,0.89,1.87,100.0,1.0,0,25.9
28,13.087869362973963,,,1,0,0.25,3.34,9,0,0,0,3.55,0,0,0.81,3.4,84.0,0.0,0,42.3
27,21.68145924628481,,,13,1,2.4,2.26,3,1,1,1,4.5,1,1,0.89,2.77,100.0,1.0,1,45.2
32,19.63731611706209,,,2,0,3.27,4.52,6,1,1,0,2.6,0,0,0.89,1.4,115.0,0.0,0,18.8
32,25.721865716915367,,,14,1,2.3,3.27,2,1,0,1,2.9,1,1,0.86,0.86,115.0,0.0,0,18.1
31,25.249086936905037,,,12,1,0.65,2.68,5,1,1,1,10.04,1,1,0.78,1.0,100.0,1.0,0,41.89
36,33.2694678798279,,,28,1,2.22,7.1,3,1,1,1,2.8,1,1,0.91,4.23,130.0,1.0,0,35.1
26,20.94707242819386,,,18,1,4.66,3.71,7,1,0,0,19.6,0,0,0.93,1.4,100.0,0.0,0,32.1
36,31.937977830386146,,,4,0,1.28,6.28,5,0,0,1,2.9,0,0,0.83,3.26,160.0,0.0,0,10.1
29,26.11147733089175,,,11,0,9.28,6.76,2,0,0,0,2.3,0,0,0.87,1.2,92.0,0.0,0,50.2
30,22.580138985061566,,,2,0,0.3,4.63,3,1,0,0,2.8,0,0,0.92,1.13,92.0,1.0,0,36.9
27,15.708691429348326,,,23,1,5.11,4.25,5,1,1,0,21.8,1,1,0.93,2.08,79.0,1.0,0,23.3
30,27.562699638562695,,,21,1,0.98,1.0,4,1,1,1,2.83,1,1,0.85,16.99,95.0,1.0,0,22.8
35,26.513687607221712,,,16,0,1.33,4.62,5,1,0,0,3.1,0,0,0.94,4.07,112.0,0.0,0,31.6
42,19.396266745078997,,,2,0,0.67,4.91,3,0,0,1,1.6,0,0,0.86,0.97,82.0,0.0,0,21.3
30,21.91173856990148,,,7,0,4.09,7.04,5,0,0,1,7.8,0,0,0.89,1.54,95.0,1.0,1,31.8
34,22.165131612462563,,,1,0,3.72,9.4,5,0,0,0,0.98,0,0,0.84,4.05,92.0,0.0,0,24.3
28,22.31273374841564,,,17,1,3.61,7.35,6,0,1,1,66,0,1,0.94,1.71,70.0,1.0,1,30.2
28,21.352736182364247,,,19,1,1.97,4.89,5,1,0,0,1.06,1,1,0.82,1.57,100.0,1.0,0,34.1
47,23.957998023375467,,,25,1,0.25,1.88,7,1,0,0,6.2,0,0,0.92,2.47,92.0,1.0,1,12.1
30,26.527654137477928,,,13,1,3.27,6.4,11,1,1,1,18.4,1,0,0.76,4.18,100.0,1.0,1,41.8
35,27.14707174246039,,,1,0,3.23,6.51,3,0,0,0,1.2,1,0,0.95,4.61,100.0,1.0,0,27.2
30,18.686788123795477,,,4,0,4.45,5.64,5,1,0,1,1.68,0,0,0.94,10.22,91.0,0.0,0,29.1
33,21.1365841216605,,,2,0,0.48,7.6,5,0,1,0,3.9,0,0,0.79,1.67,100.0,0.0,0,33.4
28,15.952543698680874,,,15,0,0.63,2.59,5,1,0,1,5.8,0,0,0.86,5.74,84.0,0.0,0,39.3
37,27.89670387085963,,,8,0,0.48,3.22,7,0,0,0,2.78,0,0,0.84,3.57,92.0,0.0,0,36.58
41,17.55248024047815,,,3,0,4.39,8.82,5,0,0,0,0.26,0,0,0.82,0.84,92.0,0.0,0,45.6
36,26.29837374480929,,,4,0,5.35,4.95,5,0,0,0,5.8,0,0,0.88,3.17,92.0,0.0,0,56.45
23,22.89964174890675,,,40,1,5.48,4.42,10,1,1,1,3.2,1,1,0.81,3.26,70.0,0.0,0,23.114
27,23.22246899895928,,,19,1,2.04,4.3,5,0,0,0,0.19,1,0,0.95,3.65,107.0,0.0,0,21.8
28,27.40354912130049,,,6,0,0.75,8.96,5,0,1,1,2,0,1,0.84,1.04,92.0,0.0,0,20.0
28,15.058118627532869,,,15,0,0.63,2.59,6,1,0,0,5.8,0,1,0.86,5.74,84.0,1.0,0,39.3
28,22.149144446607856,,,8,0,3.75,5.57,5,0,0,0,5.5,0,1,0.93,2.08,100.0,0.0,0,32.0
28,32.73234107568415,,,4,0,2.69,4.36,11,0,0,0,2.75,0,0,0.87,2.63,116.0,0.0,0,29.41
32,24.46609367151972,,,8,0,2.61,3.34,7,0,1,0,2.5,0,0,0.95,1.52,107.0,0.0,0,12.7
31,21.69151592251737,,,24,1,1.75,4.96,6,1,0,0,1.1,0,1,0.86,2.2,93.0,0.0,1,25.7
28,28.24128833262454,,,10,1,0.27,5.81,5,1,1,1,3.66,1,0,0.91,0.83,100.0,1.0,0,52.3
29,28.11812654970413,,,4,1,1.56,3.27,6,1,1,1,0.2,1,1,0.95,2.38,85.0,1.0,0,10.1
32,25.127807305588316,,,2,0,0.52,2.65,5,0,0,0,3.64,0,0,0.86,2.03,80.0,0.0,0,25.22
35,29.58514988244154,,,18,1,0.6,1.59,4,1,1,1,5.57,1,0,0.92,1.58,98.0,1.0,1,46.58
29,25.84935199128656,,,26,1,0.4,2.91,4,0,1,1,7.51,1,0,0.8,1.64,108.0,1.0,0,31.2
32,27.8983371065467,,,21,1,0.15,1.46,5,1,1,1,3.21,1,1,0.87,0.44,107.0,1.0,1,25.45
30,20.09461646251024,,,31,0,1.02,2.05,5,0,1,0,3.38,0,1,0.89,1.84,116.0,1.0,1,39.81
27,24.89635042039365,,,19,1,2.04,4.3,5,0,0,0,0.19,1,0,0.95,3.65,107.0,0.0,0,21.8
33,27.18958631262472,,,30,1,1.17,2.5,5,1,0,1,20,1,1,0.89,2.53,92.0,1.0,0,35.1
28,20.32371776479404,,,8,0,3.75,5.57,5,0,0,0,5.5,0,1,0.93,2.08,100.0,0.0,0,32.0
35,18.662433112346548,,,13,0,0.3,1.68,5,0,0,1,1.7,0,1,0.86,3.07,108.0,0.0,0,15.0
42,25.90383574521661,,,12,0,1.76,6.76,6,1,0,0,1.2,1,0,0.92,3.505,115.0,1.0,0,22.7
21,27.024384074453387,,,2,0,5.11,4.13,6,0,0,1,21.9,0,1,0.83,1.26,125.0,0.0,1,33.4
27,18.743455268615108,,,4,0,0.1,1.85,6,1,1,0,3.5,0,1,0.94,3.79,73.0,0.0,1,22.3
33,32.199372381133585,,,25,1,0.72,3.45,7,1,0,1,0.7,1,1,0.87,0.73,100.0,1.0,0,16.7
36,27.680587617308166,,,20,0,1.2,4.24,5,0,0,0,8.98,0,0,0.88,2.8,134.0,0.0,0,11.3
34,27.735144952830527,,,7,0,0.3,1.47,11,0,0,0,1.42,0,0,0.83,1.56,131.0,0.0,0,44.5
35,25.475975201725465,,,3,0,1.01,3.91,6,1,0,0,1.2,0,1,0.92,2.45,115.0,1.0,0,20.7
26,21.43133546011554,,,9,0,4.35,5.38,6,1,0,1,5.78,0,0,0.84,2.56,108.0,1.0,0,15.2
28,20.65818639641755,,,18,0,0.57,2.17,5,0,0,0,2.36,0,0,0.84,1.66,85.0,0.0,0,36.87
36,27.597985660505906,,,15,1,1.0,5.71,7,1,0,0,7.7,1,0,0.95,2.11,110.0,0.0,0,26.1
35,26.04530694830759,,,12,0,1.16,2.36,5,0,0,0,17.1,0,0,0.79,3.85,120.0,0.0,0,25.8
34,25.069953664102705,,,6,0,3.45,6.42,5,0,0,1,10.9,1,0,0.87,2.64,100.0,0.0,0,39.1
25,19.211140406069376,,,24,1,3.6,5.12,5,1,1,1,11.9,0,0,0.87,1.88,115.0,1.0,0,29.3
24,30.735541981265232,,,19,1,9.9,5.9,4,1,1,1,11.48,1,0,0.88,1.73,91.0,1.0,0,25.69
30,21.94444438190256,,,7,0,4.09,7.04,5,0,0,1,7.8,0,0,0.89,1.54,95.0,1.0,1,31.8
35,26.894043985342464,,,12,0,1.16,2.36,5,0,0,0,17.1,0,0,0.79,3.85,120.0,0.0,0,25.8
27,24.65570886763849,,,13,0,3.36,7.9,4,0,0,0,7,0,0,0.95,2.28,80.0,1.0,0,42.12
30,24.49910186763486,,,19,1,3.0,5.47,5,0,0,0,12.4,0,0,0.94,6.54,106.0,1.0,1,23.9
22,21.418321682441288,,,19,1,3.92,4.06,3,1,1,1,15,0,0,0.89,5.0,92.0,1.0,0,22.0
29,21.15243772946988,,,11,0,3.26,7.08,5,0,0,1,18.5,1,1,0.89,2.78,140.0,0.0,0,19.0
28,27.02749316164998,,,15,0,0.59,3.3,3,1,0,0,9.1,1,0,0.9,2.78,92.0,1.0,0,10.1
36,31.758453324183677,,,2,0,2.83,6.72,4,0,0,0,3.68,0,0,0.84,2.24,100.0,0.0,0,10.7
23,21.53098057352812,,,17,0,1.8,5.32,5,0,0,0,2.1,0,0,0.84,5.17,70.0,0.0,0,14.0
40,25.356942004492904,,,8,0,1.07,3.87,5,0,1,1,1.7,1,0,0.95,2.92,120.0,0.0,0,34.2
35,20.297060749063117,,,12,0,1.56,3.25,5,0,0,0,3.18,0,0,0.86,1.75,116.0,0.0,0,34.2
43,18.036078669935492,,,8,0,7.09,14.99,6,1,0,0,0.16,0,0,0.93,6.09,100.0,0.0,1,24.5
32,24.103585857728767,,,3,0,3.24,6.03,5,1,0,1,1,1,0,0.89,3.28,85.0,1.0,0,25.1
38,15.182872125512253,,,4,0,0.49,2.95,5,0,0,1,4.2,0,0,0.94,2.61,100.0,1.0,0,24.6
31,26.777883793397912,,,18,0,2.31,6.54,5,0,0,1,10,0,0,0.96,1.41,92.0,0.0,0,22.9
37,29.677966281728075,,,6,0,1.49,4.19,5,0,0,1,9.9,0,0,0.81,1.4,130.0,1.0,1,23.5
29,20.044957150313653,,,13,0,1.06,5.08,6,1,0,1,18.9,0,0,0.97,2.66,110.0,1.0,0,40.3
28,24.012523792416232,,,17,1,3.61,7.35,6,0,1,1,66,0,1,0.94,1.71,70.0,1.0,1,30.2
28,22.9954139066417,,,13,1,9.5,4.21,2,0,1,1,15.9,1,0,0.86,0.65,110.0,1.0,1,23.8
27,32.3292633335226,,,5,0,5.33,7.26,4,1,0,1,4.3,1,0,0.95,6.07,93.0,1.0,0,21.8
36,27.091752047797577,,,4,0,5.35,4.95,5,0,0,0,5.8,0,0,0.88,3.17,92.0,0.0,0,56.45
28,27.01086263163672,,,33,1,2.95,4.0,5,1,1,0,18.5,1,1,0.92,0.86,95.0,1.0,0,20.4
36,25.723434638414,,,8,0,1.25,4.48,6,1,0,1,3.6,0,0,0.9,0.72,107.0,1.0,0,30.1
32,25.7758585999304,,,3,0,3.24,6.03,5,1,0,1,1,1,0,0.89,3.28,85.0,1.0,0,25.1
34,22.11118140109736,,,22,0,2.7,3.23,5,0,0,0,16,0,1,0.88,3.92,92.0,0.0,0,21.7
31,24.5299348873962,,,20,1,0.9,1.8,2,1,1,0,15,0,1,0.9,1.86,92.0,1.0,0,23.6
23,24.209034963196288,,,30,1,2.59,4.07,4,0,1,1,5.61,1,0,0.94,2.04,108.0,1.0,0,15.36
34,29.468682619628563,,,1,0,3.05,5.59,6,1,1,1,4.2,1,1,0.95,3.67,95.0,1.0,0,13.9
43,27.78398842549295,,,5,0,3.18,3.76,5,0,0,1,1.28,1,0,0.89,1.72,91.0,0.0,0,46.9
39,22.092558529621694,,,3,0,2.48,7.27,5,1,0,0,3,1,0,0.89,5.0,95.0,0.0,1,30.5
30,23.05186933972899,,,7,0,1.57,3.75,5,1,0,1,2.5,0,0,0.9,1.51,94.0,0.0,1,31.8
35,21.213742219006704,,,8,0,1.94,6.36,5,0,0,0,1.65,0,0,0.85,0.6,108.0,0.0,0,38.2
28,28.94314651847821,,,12,0,2.72,5.3,5,0,1,1,1.86,1,0,0.9,2.49,90.0,1.0,0,61.58
30,21.703222634999644,,,2,0,0.3,4.63,3,1,0,0,2.8,0,0,0.92,1.13,92.0,1.0,0,36.9
28,23.747712440287994,,,12,0,2.83,5.71,4,0,1,1,10,1,1,0.91,4.69,100.0,1.0,0,30.3
20,22.46215095034868,,,12,0,0.15,2.08,6,1,0,1,2.19,0,0,0.92,5.0,86.0,1.0,0,28.7
28,23.517516923640382,,,20,0,0.62,3.76,6,0,0,0,3.02,0,0,0.89,1.82,120.0,1.0,0,52.4
26,16.88426050834341,,,11,0,5.22,6.56,5,0,0,1,7.02,0,0,0.84,1.66,100.0,0.0,0,14.5
26,20.25979474200633,,,8,0,3.79,7.14,5,0,0,1,3.4,0,0,0.88,1.0,100.0,1.0,0,28.1
31,21.1931567294952,,,7,0,4.79,3.83,5,1,0,1,2.2,0,0,0.92,0.45,85.0,0.0,1,32.6
28,28.25876321143373,,,31,1,2.43,4.66,5,0,0,0,8.46,0,0,0.88,4.64,104.0,0.0,0,18.7
21,21.401942015452672,,,4,0,2.53,8.55,5,0,0,0,2.2,0,0,0.95,1.79,100.0,0.0,0,13.8
38,23.825116934602907,,,4,0,5.75,6.81,5,0,0,0,2.2,0,0,0.97,1.22,100.0,0.0,0,25.3
42,27.277809811384028,,,12,0,1.76,6.76,6,1,0,0,1.2,1,0,0.92,3.505,115.0,1.0,0,22.7
37,25.58739915481447,,,12,0,1.43,6.46,5,1,0,0,5.6,1,0,0.89,1.44,82.0,1.0,0,24.1
38,31.093686963463416,,,4,0,1.35,4.32,5,1,1,0,2.8,1,0,0.88,1.12,100.0,1.0,0,20.5
33,30.72738616858521,,,16,0,1.49,4.74,5,0,0,1,5,0,1,0.82,0.57,100.0,1.0,0,32.4
29,23.954364935058805,,,25,1,6.82,5.43,4,1,1,1,3.65,1,0,0.86,3.55,91.0,1.0,0,26.6
48,23.9986048862708,,,19,0,2.6,4.08,2,1,0,0,4.02,0,0,0.95,0.45,91.0,0.0,1,29.2
38,34.1401389945446,,,4,0,2.51,9.51,5,0,0,0,0.69,1,0,0.93,1.18,116.0,0.0,0,9.7
28,29.84645917404801,,,5,0,4.08,3.08,6,1,1,1,2.3,1,1,0.9,1.71,116.0,1.0,0,62.0
27,25.365875852938743,,,8,0,1.07,3.59,5,0,0,0,1.81,0,0,0.88,1.47,91.0,0.0,0,28.5
28,23.445866698490857,,,10,0,0.22,2.9,7,1,1,1,3.9,1,1,0.84,1.78,92.0,0.0,0,30.5
23,25.17542902837257,,,11,0,1.39,8.13,2,1,0,0,4.9,0,0,0.97,4.14,100.0,1.0,0,36.1
34,23.875056850695376,,,18,1,6.37,5.48,7,0,1,1,0.91,0,1,0.89,2.93,100.0,1.0,1,12.3
33,15.50907577690318,,,5,0,0.47,3.88,5,1,0,1,2.25,0,0,0.93,1.42,107.0,0.0,0,27.6
32,26.372820666849915,,,15,1,1.24,2.0,5,0,1,1,1.99,1,0,0.9,1.68,93.0,1.0,0,18.3
25,31.230232257827087,,,23,1,1.51,2.0,2,1,1,1,7.94,1,1,0.89,6.51,125.0,1.0,1,31.4
27,30.78736482541301,,,5,0,5.33,7.26,4,1,0,1,4.3,1,0,0.95,6.07,93.0,1.0,0,21.8
35,28.14991809191463,,,10,0,2.78,2.75,3,0,0,1,7.9,1,0,0.95,1.57,110.0,1.0,0,21.7
42,24.807146477721503,,,12,0,1.76,6.76,6,1,0,0,1.2,1,0,0.92,3.505,115.0,1.0,0,22.7
29,29.99559953497988,,,21,1,6.42,5.76,3,0,1,0,6,1,1,0.93,0.95,92.0,1.0,0,36.2
28,19.59662808725937,,,18,0,0.57,2.17,5,0,0,0,2.36,0,0,0.84,1.66,85.0,0.0,0,36.87
40,25.867886434788563,,,11,0,5.0,6.2,5,1,0,0,1.03,1,0,0.9,7.27,100.0,1.0,1,27.6
31,22.607935081568264,,,5,0,0.34,1.92,6,1,0,0,3.63,0,1,0.83,2.73,91.0,0.0,1,48.0
24,19.72545874166905,,,21,1,0.99,3.9,5,1,1,1,7.2,0,0,0.94,5.0,86.0,0.0,0,30.7
20,22.88521261643268,,,12,0,0.15,2.08,6,1,0,1,2.19,0,0,0.92,5.0,86.0,1.0,0,28.7
32,20.491159355995997,,,10,0,3.81,7.09,5,1,0,1,2.04,0,0,0.91,1.361,92.0,1.0,0,47.36
38,21.22328117423048,,,5,0,0.49,1.8,5,0,0,0,0.9,0,0,0.94,1.56,87.0,0.0,0,23.5
29,22.49654036946287,,,10,0,2.71,5.64,5,1,0,1,2.8,0,0,0.88,1.24,225.0,0.0,0,32.7
32,24.55077803876562,,,3,0,2.02,2.17,5,0,0,0,0.2,1,0,0.92,4.78,115.0,1.0,0,17.3
23,31.253424658709225,,,19,1,4.3,3.99,7,1,1,1,20,1,1,0.96,1.66,108.0,1.0,0,17.4
34,23.82802628888245,,,11,0,2.15,5.3,5,0,0,0,2.55,0,0,0.88,4.6,80.0,0.0,0,35.98
32,24.426555256958384,,,3,0,2.02,2.17,5,0,0,0,0.2,1,0,0.92,4.78,115.0,1.0,0,17.3
25,22.721316104845776,,,24,1,0.71,4.67,5,0,0,1,0.74,0,0,0.95,1.82,102.0,0.0,1,60.265
40,33.01387759296238,,,18,0,3.22,9.14,5,1,1,0,2.5,0,0,0.96,2.09,92.0,0.0,0,23.4
21,25.53881646294694,,,2,0,5.11,4.13,6,0,0,1,21.9,0,1,0.83,1.26,125.0,0.0,1,33.4
35,26.20779747509508,,,5,0,3.35,7.72,5,1,0,0,2.6,1,1,0.83,5.51,108.0,0.0,1,21.5
32,20.475918583297783,,,2,0,4.5,4.79,6,1,0,1,4.7,0,0,0.94,2.0,112.0,0.0,0,22.6
40,25.79991314189653,,,8,0,1.07,3.87,5,0,1,1,1.7,1,0,0.95,2.92,120.0,0.0,0,34.2
27,25.222426086938004,,,21,0,7.46,6.35,8,0,0,0,4.6,0,0,0.88,3.72,92.0,0.0,0,49.3
28,23.433541549718598,,,25,1,3.27,2.81,5,1,0,0,11.6,1,1,0.79,5.0,92.0,1.0,1,19.9
28,26.01133872514215,,,5,0,1.48,7.5,5,0,1,0,1.3,0,0,0.94,0.73,86.0,1.0,1,31.1
32,22.436358987038812,,,16,0,2.86,7.45,5,0,0,0,18.9,0,0,0.95,2.97,100.0,1.0,0,30.0
40,26.726428811051026,,,6,0,0.6,1.0,6,1,0,0,6.9,1,1,0.9,4.45,92.0,1.0,1,17.1
40,23.65804824173799,,,20,0,0.02,1.0,5,0,0,0,2.26,0,0,0.89,1.52,125.0,0.0,0,55.9
31,26.43715828178877,,,18,0,2.31,6.54,5,0,0,1,10,0,0,0.96,1.41,92.0,0.0,0,22.9
26,26.12102025180474,,,9,0,2.18,6.21,2,0,1,1,1.6,0,1,0.85,2.44,100.0,1.0,1,25.3
35,26.874900363385198,,,5,0,1.23,4.62,7,1,1,1,1.1,1,1,0.95,1.17,92.0,1.0,0,27.2
25,25.00417737823037,,,11,0,1.06,4.6,5,0,0,0,3.56,0,0,0.81,3.79,106.0,0.0,0,36.56
24,20.72622579583661,,,13,1,1.66,3.26,3,1,0,0,1.5,0,1,0.82,2.41,92.0,1.0,0,28.4
35,26.95539971178752,,,7,0,3.42,6.52,5,0,0,1,2.5,1,0,0.92,0.77,92.0,1.0,0,20.0
36,26.71626186965047,,,5,0,1.71,2.85,6,1,0,1,3.09,1,0,0.92,1.54,95.0,0.0,1,20.16
28,28.422538738915016,,,12,0,2.72,5.3,5,0,1,1,1.86,1,0,0.9,2.49,90.0,1.0,0,61.58
23,28.82581683921569,,,19,1,4.3,3.99,7,1,1,1,20,1,1,0.96,1.66,108.0,1.0,0,17.4
42,21.038231027164542,,,1,0,3.83,6.81,5,0,0,0,5.14,0,0,0.8,1.99,100.0,0.0,0,9.2
29,24.319119661739453,,,25,1,6.82,5.43,4,1,1,1,3.65,1,0,0.86,3.55,91.0,1.0,0,26.6
35,20.789973534461904,,,8,0,1.94,6.36,5,0,0,0,1.65,0,0,0.85,0.6,108.0,0.0,0,38.2
24,20.73926550789061,,,8,0,7.47,5.75,5,0,0,0,2.14,0,0,0.88,3.57,100.0,0.0,0,36.2
28,30.41040913398775,,,5,0,4.08,3.08,6,1,1,1,2.3,1,1,0.9,1.71,116.0,1.0,0,62.0
27,31.418620543146627,,,5,0,5.33,7.26,4,1,0,1,4.3,1,0,0.95,6.07,93.0,1.0,0,21.8
29,26.572805161818938,,,10,0,4.19,6.11,5,1,0,0,1.89,1,0,0.84,3.27,91.0,1.0,0,15.0
34,26.43721498083847,,,15,1,6.48,5.01,4,1,1,1,1.89,1,1,0.93,4.21,85.0,1.0,0,32.45
29,21.259930260944834,,,13,0,1.06,5.08,6,1,0,1,18.9,0,0,0.97,2.66,110.0,1.0,0,40.3
38,19.51340134641976,,,6,0,2.18,3.18,9,0,0,0,2.13,0,0,0.81,5.71,84.0,0.0,0,18.9
25,23.376196666872563,,,3,0,4.21,5.68,5,0,1,1,10.6,0,0,0.94,2.76,92.0,0.0,0,19.3
31,26.27777780454728,,,13,0,0.24,1.58,6,1,0,1,5.1,1,0,0.9,6.91,87.0,1.0,0,25.6
28,23.856432820860555,,,12,0,0.27,4.16,6,1,1,0,4.8,0,0,0.88,6.31,100.0,0.0,1,17.4
33,22.82206417177137,,,38,1,1.22,3.84,5,1,1,1,5.67,1,0,0.8,2.48,100.0,1.0,1,54.7
45,35.74543045423598,,,25,1,0.2,65.4,4,1,1,1,11.1,1,1,0.91,2.96,86.0,1.0,0,18.7
36,20.93292352701405,,,4,0,0.26,1.58,5,1,0,0,1.9,0,0,0.94,4.86,105.0,0.0,0,26.3
26,22.85654107542606,,,5,0,3.91,5.81,3,0,1,1,21,1,1,0.94,2.35,125.0,1.0,0,20.1
22,32.92662303803646,,,16,1,4.06,4.14,5,1,0,0,17.9,1,1,0.82,2.9,92.0,1.0,1,22.92
25,17.834843255637896,,,11,1,3.09,6.58,3,1,0,1,1.25,1,0,0.91,0.85,100.0,0.0,0,30.2
37,29.99759663757866,,,8,0,0.48,3.22,7,0,0,0,2.78,0,0,0.84,3.57,92.0,0.0,0,36.58
23,26.4014732591812,,,18,1,0.57,2.13,7,0,1,0,5.5,0,1,0.95,1.0,92.0,1.0,0,17.0
35,25.77381156000077,,,26,0,8.45,5.41,5,0,0,0,5.2,0,0,0.85,9.03,120.0,0.0,0,25.36
29,23.3359584397129,,,17,1,2.14,6.06,5,1,1,0,5.4,0,1,0.94,2.35,100.0,0.0,0,18.0
29,19.13770148886036,,,11,0,0.65,2.02,5,0,0,0,3.78,0,0,0.81,1.98,91.0,0.0,0,19.1
38,25.440871818824544,,,13,1,3.26,8.15,4,1,0,1,10.6,1,0,0.94,7.02,92.0,1.0,0,16.7
38,22.32035856702809,,,5,0,0.49,1.8,5,0,0,0,0.9,0,0,0.94,1.56,87.0,0.0,0,23.5
31,20.961812910998976,,,12,0,8.15,5.37,6,1,0,0,16.8,0,0,0.88,25.91,92.0,1.0,1,23.91
30,17.944662513300575,,,6,0,0.1,1.0,5,0,0,0,0.72,0,0,0.88,3.26,91.0,1.0,1,33.3
28,23.258016832406632,,,17,1,3.61,7.35,6,0,1,1,66,0,1,0.94,1.71,70.0,1.0,1,30.2
36,32.871081052016095,,,28,1,2.22,7.1,3,1,1,1,2.8,1,1,0.91,4.23,130.0,1.0,0,35.1
26,21.89716273467448,,,1,0,4.5,5.7,5,0,0,0,1.2,0,1,0.88,1.24,92.0,1.0,1,23.2
37,24.14501832813294,,,33,1,0.79,2.06,2,1,0,1,5.7,1,1,0.92,4.62,110.0,1.0,0,35.7
39,21.5822975707832,,,16,0,5.1,10.29,4,0,0,0,6.3,0,0,0.88,1.48,92.0,0.0,0,23.4
31,22.819399864681007,,,21,1,7.48,6.53,4,0,0,0,6.09,0,1,0.84,2.31,84.0,0.0,1,30.8
44,27.92607109149236,,,14,0,0.15,2.81,5,1,0,0,4.6,0,0,0.95,1.01,82.0,0.0,0,16.9
32,23.16885568164348,,,3,0,3.37,9.14,5,0,0,0,0.71,0,0,0.88,0.58,116.0,0.0,1,36.3
30,20.203273043903536,,,13,0,2.23,7.86,5,1,1,1,4.1,1,1,0.94,1.54,83.0,1.0,0,22.1
30,20.16268277319922,,,13,0,2.23,7.86,5,1,1,1,4.1,1,1,0.94,1.54,83.0,1.0,0,22.1
36,25.850725644648332,,,14,0,3.24,6.24,2,0,0,0,6.56,0,0,0.87,2.02,100.0,0.0,0,27.8
33,35.965935258929385,,,19,1,0.37,2.81,2,1,0,0,5.75,1,0,0.96,6.55,116.0,1.0,0,21.0
47,23.71865053084048,,,25,1,0.25,1.88,7,1,0,0,6.2,0,0,0.92,2.47,92.0,1.0,1,12.1
28,15.929757812381853,,,15,0,0.63,2.59,5,1,0,1,5.8,0,0,0.86,5.74,84.0,0.0,0,39.3
24,24.327784667361545,,,14,0,1.97,2.79,5,0,0,0,4.33,0,0,0.85,1.48,100.0,0.0,0,25.366
26,19.235644753541894,,,14,0,3.13,5.09,4,0,1,0,8.75,0,0,0.78,2.56,73.0,0.0,0,9.6
34,25.236166253244008,,,4,0,0.63,3.27,6,0,0,0,3.9,1,1,0.92,1.46,115.0,1.0,0,23.9
26,29.34910333859323,,,16,0,3.5,7.06,5,0,0,0,7.6,0,0,0.92,17.2,92.0,0.0,0,32.7
27,32.174167604352014,,,2,1,2.49,4.6,6,1,0,1,17.5,0,0,0.92,6.48,92.0,0.0,0,26.6
35,26.64860944134425,,,1,0,3.23,6.51,3,0,0,0,1.2,1,0,0.95,4.61,100.0,1.0,0,27.2
45,21.90636322513231,,,12,1,1.99,2.24,4,1,1,1,6.5,1,1,0.9,22.59,138.0,1.0,0,10.5
31,21.861096242006777,,,8,0,1.49,1.06,3,1,0,0,0.6,0,0,0.89,3.02,115.0,0.0,1,12.0
32,16.00630389987503,,,19,1,3.24,6.72,5,1,0,1,3.6,0,0,0.89,1.77,107.0,1.0,0,57.7
30,23.05532576086549,,,15,0,6.26,6.3,4,1,0,1,8.1,0,0,0.94,2.58,112.0,0.0,1,26.3
48,22.99035399923716,,,19,0,2.6,4.08,2,1,0,0,4.02,0,0,0.95,0.45,91.0,0.0,1,29.2
32,22.5963083717593,,,13,0,2.11,4.33,5,0,0,1,7.7,0,0,0.94,2.1,93.0,0.0,1,41.0
32,15.400677934638512,,,19,1,3.24,6.72,5,1,0,1,3.6,0,0,0.89,1.77,107.0,1.0,0,57.7
45,37.31477010702312,,,25,1,0.2,65.4,4,1,1,1,11.1,1,1,0.91,2.96,86.0,1.0,0,18.7
35,27.672273491684,,,12,0,1.16,2.36,5,0,0,0,17.1,0,0,0.79,3.85,120.0,0.0,0,25.8
25,25.74147247377076,,,16,1,5.11,6.96,4,1,1,1,9,1,0,0.85,3.06,100.0,1.0,0,33.6
31,20.237154972567996,,,7,0,4.79,3.83,5,1,0,1,2.2,0,0,0.92,0.45,85.0,0.0,1,32.6
28,13.297438953574702,,,1,0,0.25,3.34,9,0,0,0,3.55,0,0,0.81,3.4,84.0,0.0,0,42.3
31,21.08941760040449,,,7,0,4.79,3.83,5,1,0,1,2.2,0,0,0.92,0.45,85.0,0.0,1,32.6
25,23.33286208383888,,,3,0,4.21,5.68,5,0,1,1,10.6,0,0,0.94,2.76,92.0,0.0,0,19.3
33,33.03161287293559,,,16,0,1.49,4.74,5,0,0,1,5,0,1,0.82,0.57,100.0,1.0,0,32.4
29,22.99183044522695,,,2,0,4.32,5.71,5,0,0,0,9.1,0,1,0.89,3.98,123.0,1.0,1,19.7
41,18.97147417085909,,,3,0,4.39,8.82,5,0,0,0,0.26,0,0,0.82,0.84,92.0,0.0,0,45.6
35,29.88319248137926,,,31,1,0.44,3.13,5,0,1,1,3.49,1,1,0.81,0.76,108.0,1.0,0,31.2
28,25.222992263342483,,,15,0,0.59,3.3,3,1,0,0,9.1,1,0,0.9,2.78,92.0,1.0,0,10.1
35,26.828362006449872,,,5,0,1.23,4.62,7,1,1,1,1.1,1,1,0.95,1.17,92.0,1.0,0,27.2
25,20.37946030914301,,,10,0,10.75,6.54,5,1,0,0,19.3,0,0,0.83,1.29,100.0,1.0,0,36.8
29,20.352678427438107,,,10,0,1.6,4.7,4,0,0,1,1,0,0,0.94,0.29,94.0,0.0,0,39.7
38,24.748601193034144,,,2,0,2.53,2.5,5,0,1,0,0.45,1,1,0.85,1.52,92.0,0.0,0,24.0
27,22.055835063789303,,,2,1,2.23,4.97,5,0,0,0,16.9,0,0,0.89,1.94,93.0,1.0,1,23.6
28,20.1169640979874,,,8,0,3.75,5.57,5,0,0,0,5.5,0,1,0.93,2.08,100.0,0.0,0,32.0
32,19.959008763761236,,,10,0,0.51,3.99,6,1,0,1,2.83,0,0,0.83,2.04,84.0,1.0,0,60.2
33,22.09235378549721,,,11,0,4.03,6.68,2,1,0,1,10.7,0,0,0.92,2.38,85.0,1.0,0,45.4
43,16.872054415560115,,,8,0,7.09,14.99,6,1,0,0,0.16,0,0,0.93,6.09,100.0,0.0,1,24.5
36,29.58280748227757,,,14,0,2.01,5.65,5,0,0,0,2.39,1,0,0.98,6.96,116.0,1.0,0,22.0
29,27.76924607675592,,,23,1,2.01,10.206,6,1,1,1,2.01,1,0,0.79,10.89,106.0,1.0,0,13.6
28,21.694990031773507,,,6,0,4.97,5.2,5,0,0,1,1.91,1,0,0.95,2.74,100.0,1.0,0,9.01
40,23.11429199444797,,,20,0,0.02,1.0,5,0,0,0,2.26,0,0,0.89,1.52,125.0,0.0,0,55.9
40,25.69785724731005,,,11,0,5.0,6.2,5,1,0,0,1.03,1,0,0.9,7.27,100.0,1.0,1,27.6
31,25.528745639978418,,,6,0,0.26,2.95,5,1,1,1,0.9,0,0,0.95,3.23,92.0,0.0,1,25.5
34,27.386101709400062,,,12,0,0.31,2.85,5,0,0,0,3.05,0,0,0.85,1.51,93.0,0.0,0,42.7
28,21.875012817890685,,,27,1,4.44,6.22,6,1,1,0,4.2,0,1,0.92,0.64,100.0,1.0,1,26.0
36,26.14138506901702,,,20,1,0.17,1.63,5,1,1,1,6.6,1,1,0.94,1.86,93.0,1.0,1,0.0
32,29.63219961511381,,,21,1,0.15,1.46,5,1,1,1,3.21,1,1,0.87,0.44,107.0,1.0,1,25.45
43,28.081235899134462,,,5,0,3.18,3.76,5,0,0,1,1.28,1,0,0.89,1.72,91.0,0.0,0,46.9
31,23.23759192404085,,,6,0,4.21,7.16,5,0,0,0,1.3,0,0,0.94,4.52,85.0,0.0,0,15.1
36,25.499956935409173,,,19,1,0.17,1.64,7,0,0,0,6.6,0,0,0.95,1.86,93.0,0.0,0,20.8
20,22.991828480475448,,,15,0,3.13,5.9,5,1,0,0,7.3,0,0,0.94,0.61,86.0,0.0,1,22.0
25,23.639971016670128,,,11,0,1.06,4.6,5,0,0,0,3.56,0,0,0.81,3.79,106.0,0.0,0,36.56
31,24.266069247063687,,,12,1,0.65,2.68,5,1,1,1,10.04,1,1,0.78,1.0,100.0,1.0,0,41.89
24,25.501193420429768,,,30,1,2.73,5.97,5,1,0,1,4.5,1,1,0.84,3.3,125.0,1.0,0,19.3
35,27.67655259921136,,,20,0,3.23,6.75,4,0,0,0,6,0,0,0.97,2.28,100.0,1.0,0,62.5
38,20.59371073232934,,,5,0,0.49,1.8,5,0,0,0,0.9,0,0,0.94,1.56,87.0,0.0,0,23.5
34,25.601183482345636,,,4,0,2.19,6.54,5,0,0,0,2.06,0,0,0.82,4.24,133.0,0.0,0,37.1
29,30.268104384258454,,,2,1,2.41,2.56,5,0,1,1,7.3,0,1,0.94,2.86,92.0,0.0,1,19.0
32,27.220015301721407,,,8,0,0.29,2.35,6,1,0,0,4.2,1,0,0.95,5.0,100.0,1.0,1,24.0
41,26.523893841853425,,,16,0,3.6,4.74,7,0,1,0,9.1,1,1,0.93,1.09,85.0,1.0,0,31.6
23,30.059439784610348,,,19,1,2.34,3.23,2,1,0,1,6.4,1,1,0.84,1.27,92.0,0.0,0,15.9
24,25.23665473277344,,,30,1,2.73,5.97,5,1,0,1,4.5,1,1,0.84,3.3,125.0,1.0,0,19.3
33,23.533104315658967,,,13,0,3.07,4.86,5,0,0,0,1.54,1,0,0.86,12.18,91.0,0.0,0,38.0
35,26.232651287605908,,,3,0,1.01,3.91,6,1,0,0,1.2,0,1,0.92,2.45,115.0,1.0,0,20.7
21,31.893162856820663,,,18,1,1.39,3.41,3,1,1,1,14.7,1,1,0.86,5.0,85.0,1.0,0,33.7
36,22.8690097713475,,,5,0,0.1,3.22,5,0,0,1,5,0,0,0.97,2.91,92.0,1.0,0,53.21
40,20.94926151676944,,,4,0,0.49,1.94,6,0,0,0,2,0,1,0.89,5.0,138.0,1.0,0,20.8
39,22.240375942845745,,,3,0,2.48,7.27,5,1,0,0,3,1,0,0.89,5.0,95.0,0.0,1,30.5
27,26.33518943522663,,,13,0,3.9,5.95,5,0,0,0,5.4,0,0,0.94,2.21,92.0,0.0,0,24.2
34,23.363206317279776,,,14,0,0.41,3.39,5,0,0,0,3.91,0,0,0.9,1.49,133.0,0.0,0,29.8
31,21.96296964527846,,,12,0,8.15,5.37,6,1,0,0,16.8,0,0,0.88,25.91,92.0,1.0,1,23.91
21,26.61639578163233,,,2,0,5.11,4.13,6,0,0,1,21.9,0,1,0.83,1.26,125.0,0.0,1,33.4
32,21.72203664308684,,,18,0,4.07,6.34,4,0,0,0,1.69,0,0,0.82,1.4,80.0,0.0,0,56.2
41,22.8454679493992,,,1,0,1.51,7.37,5,0,0,0,2.4,0,0,0.79,15.68,92.0,0.0,1,25.6
40,28.872771145164425,,,3,1,1.64,4.38,5,1,0,0,10.8,1,0,0.95,3.74,100.0,1.0,0,18.3
33,26.28447816046677,,,10,0,0.57,3.21,3,1,0,0,3.14,0,0,0.92,10.96,80.0,1.0,1,28.7
28,20.730756056512405,,,5,0,3.54,8.94,5,1,0,0,1.5,0,0,0.94,1.76,100.0,0.0,0,29.5
28,18.52221769162318,,,6,0,3.68,7.95,5,0,0,0,2.07,0,0,0.83,0.68,92.0,1.0,0,17.1
26,22.887756326165828,,,2,0,2.14,3.52,5,1,0,1,5.2,0,0,0.89,0.74,115.0,1.0,0,30.1
31,26.81274806574848,,,6,0,1.54,7.8,4,1,0,1,2.5,1,0,0.95,2.06,83.0,1.0,1,10.4
43,25.962917594128257,,,5,0,3.18,3.76,5,0,0,1,1.28,1,0,0.89,1.72,91.0,0.0,0,46.9
38,20.437597540744463,,,6,0,2.18,3.18,9,0,0,0,2.13,0,0,0.81,5.71,84.0,0.0,0,18.9
29,25.34777499165761,,,11,0,9.28,6.76,2,0,0,0,2.3,0,0,0.87,1.2,92.0,0.0,0,50.2
33,19.0798489537785,,,17,0,4.51,7.05,5,0,0,0,12,0,0,0.86,8.47,100.0,0.0,0,28.6
36,21.05544062503203,,,12,0,1.99,3.99,5,0,0,0,2.36,0,0,0.82,2.376,100.0,0.0,0,45.55
32,19.92100772993976,,,5,0,4.22,11.12,5,0,0,0,1.8,0,0,0.82,0.9,110.0,1.0,1,27.9
32,20.148754996480125,,,4,0,0.37,1.35,6,0,0,0,2.3,0,0,0.93,5.04,108.0,1.0,0,19.3
33,24.391444146333217,,,10,0,0.57,3.21,3,1,0,0,3.14,0,0,0.92,10.96,80.0,1.0,1,28.7
33,22.482601711288265,,,4,0,0.89,2.39,6,0,0,1,0.5,0,0,0.89,1.67,85.0,1.0,0,23.7
33,21.802186458126663,,,4,0,1.38,3.82,5,0,0,0,9,0,0,0.95,2.16,92.0,1.0,0,19.8
27,24.50814398539773,,,25,1,7.35,6.25,4,1,0,1,8,1,1,0.83,2.61,84.0,1.0,0,6.5
28,22.665436498131392,,,17,1,3.61,7.35,6,0,1,1,66,0,1,0.94,1.71,70.0,1.0,1,30.2
23,22.68921879567939,,,2,0,4.1,7.72,5,0,0,0,5.1,0,0,0.94,5.0,92.0,0.0,0,25.9
26,15.715565388647931,,,12,0,2.78,7.34,5,0,0,0,4.33,0,0,0.85,4.45,80.0,0.0,0,54.62
35,28.4553899568008,,,16,0,1.33,4.62,5,1,0,0,3.1,0,0,0.94,4.07,112.0,0.0,0,31.6
28,22.40591699853535,,,5,0,3.54,8.94,5,1,0,0,1.5,0,0,0.94,1.76,100.0,0.0,0,29.5
32,26.064747089988483,,,3,0,2.02,2.17,6,1,0,0,0.2,1,0,0.89,4.78,115.0,1.0,0,17.3
28,21.35322798771121,,,20,1,1.61,4.0,6,1,0,1,4.6,0,1,0.87,1.15,100.0,1.0,0,34.4
30,25.20647489307593,,,17,1,14.24,6.86,2,1,1,0,15.7,1,1,0.87,2.32,100.0,1.0,0,18.7
27,18.00048243060127,,,21,1,3.07,5.4,5,0,0,0,9,0,1,0.89,6.75,100.0,1.0,1,23.1
30,17.972144936304545,,,3,0,3.1,8.99,6,1,0,1,1.04,0,0,0.89,1.71,91.0,1.0,1,22.0
25,25.081811016909548,,,3,0,4.21,5.68,5,0,1,1,10.6,0,0,0.94,2.76,92.0,0.0,0,19.3
31,20.855472717411075,,,2,0,1.05,6.05,5,0,0,0,1,0,0,0.89,3.19,127.0,0.0,0,23.3
33,24.508398448530134,,,28,1,0.88,5.54,5,1,0,1,6.63,0,0,0.9,2.54,84.0,1.0,0,49.7
28,26.859173426976582,,,12,0,2.72,5.3,5,0,1,1,1.86,1,0,0.9,2.49,90.0,1.0,0,61.58
31,12.3675744023099,,,13,1,6.63,3.99,3,0,1,1,17.6,0,1,0.88,1.3,133.0,1.0,0,19.57
35,22.09527371121656,,,6,0,0.51,2.2,4,0,0,0,3.3,0,0,0.97,2.46,115.0,0.0,0,24.0
28,31.932874620834365,,,11,0,4.6,3.7,5,0,0,1,12,1,1,0.95,1.7,85.0,1.0,0,10.8
42,19.97306999779791,,,2,0,0.67,4.91,3,0,0,1,1.6,0,0,0.86,0.97,82.0,0.0,0,21.3
34,24.875224591574145,,,8,0,1.83,6.98,6,1,0,1,1.4,1,1,0.81,2.96,110.0,1.0,0,56.9
26,19.747357675328,,,14,0,3.13,5.09,4,0,1,0,8.75,0,0,0.78,2.56,73.0,0.0,0,9.6
40,21.46209510213314,,,8,0,3.31,5.65,6,0,0,1,0.5,0,0,0.88,3.85,107.0,0.0,1,24.3
29,27.91972025888659,,,19,1,6.42,5.76,3,1,0,1,6,1,1,0.9,0.95,92.0,1.0,0,36.2
37,24.57376002765409,,,9,0,0.35,2.91,5,1,0,0,a,0,0,0.94,16.0,100.0,0.0,1,38.6
30,25.46781991040741,,,17,1,14.24,6.86,2,1,1,0,15.7,1,1,0.87,2.32,100.0,1.0,0,18.7
36,25.704706474041597,,,8,0,1.25,4.48,6,1,0,1,3.6,0,0,0.9,0.72,107.0,1.0,0,30.1
31,24.538603755712167,,,18,0,2.31,6.54,5,0,0,1,10,0,0,0.96,1.41,92.0,0.0,0,22.9
26,19.34410864922292,,,6,0,1.47,4.09,5,0,0,0,1.67,0,0,0.85,3.98,100.0,0.0,0,29.18
23,29.15743544726904,,,19,1,1.5,4.5,5,1,0,1,9.9,1,1,0.9,2.04,92.0,1.0,0,18.0
25,21.474687481275755,,,10,0,10.75,6.54,5,1,0,0,19.3,0,0,0.83,1.29,100.0,1.0,0,36.8
24,23.129886840706185,,,18,0,0.43,1.72,5,0,0,0,17.6,1,0,0.94,4.02,100.0,0.0,0,44.8
34,25.66183015426024,,,8,0,1.83,6.98,6,1,0,1,1.4,1,1,0.81,2.96,110.0,1.0,0,56.9
35,26.904605869591204,,,26,0,8.45,5.41,5,0,0,0,5.2,0,0,0.85,9.03,120.0,0.0,0,25.36
23,24.213315687640588,,,30,1,2.59,4.07,4,0,1,1,5.61,1,0,0.94,2.04,108.0,1.0,0,15.36
27,24.69537167286717,,,19,1,3.07,5.4,4,1,1,0,9,0,0,0.89,6.75,100.0,0.0,1,23.1
38,39.23557149433091,,,3,0,2.6,5.01,5,0,0,0,1.03,0,0,0.85,1.87,100.0,0.0,0,36.85
28,23.10003718489337,,,12,0,2.83,5.71,4,0,1,1,10,1,1,0.91,4.69,100.0,1.0,0,30.3
38,38.95099702359111,,,3,0,2.6,5.01,5,0,0,0,1.03,0,0,0.85,1.87,100.0,0.0,0,36.85
32,23.5439245035906,,,13,0,2.11,4.33,5,0,0,1,7.7,0,0,0.94,2.1,93.0,0.0,1,41.0
26,19.944234529334015,,,6,0,1.47,4.09,5,0,0,0,1.67,0,0,0.85,3.98,100.0,0.0,0,29.18
31,23.160188441956688,,,6,0,4.21,7.16,5,0,0,0,1.3,0,0,0.94,4.52,85.0,0.0,0,15.1
28,28.35729621991532,,,21,1,3.58,3.41,5,0,1,0,19,1,1,0.86,1.13,120.0,1.0,1,18.8
32,27.1863505567862,,,15,1,1.24,2.0,5,0,1,1,1.99,1,0,0.9,1.68,93.0,1.0,0,18.3
28,22.79019092096585,,,20,0,0.62,3.76,6,0,0,0,3.02,0,0,0.89,1.82,120.0,1.0,0,52.4
29,24.178289536703915,,,25,1,6.82,5.43,4,1,1,1,3.65,1,0,0.86,3.55,91.0,1.0,0,26.6
30,27.294128433682324,,,12,0,1.31,3.4,5,1,0,1,2.23,1,0,0.9,1.68,110.0,1.0,0,36.5
38,22.193131654964684,,,3,0,0.34,3.75,5,0,0,1,4.8,0,0,0.91,1.26,110.0,0.0,1,20.1
45,36.62974656984652,,,25,1,0.2,65.4,4,1,1,1,11.1,1,1,0.91,2.96,86.0,1.0,0,18.7
26,19.40686936878015,,,14,0,3.13,5.09,4,0,1,0,8.75,0,0,0.78,2.56,73.0,0.0,0,9.6
28,25.31367457921368,,,21,1,1.19,2.41,3,1,0,0,1.56,1,1,0.83,3.44,100.0,1.0,0,23.14
40,22.81718359152714,,,5,0,1.94,5.01,5,0,0,1,4.5,0,0,0.79,2.08,98.0,0.0,1,52.2
36,26.657133009800454,,,4,0,5.35,4.95,5,0,0,0,5.8,0,0,0.88,3.17,92.0,0.0,0,56.45
36,31.378948197026,,,2,0,2.83,6.72,4,0,0,0,3.68,0,0,0.84,2.24,100.0,0.0,0,10.7
31,38.65508986352299,,,23,1,2.08,3.68,12,1,1,1,4.59,1,1,0.82,5.0,108.0,1.0,0,28.3
24,31.45987988655321,,,31,1,0.79,3.3,4,1,1,1,2.38,1,1,0.9,2.59,110.0,1.0,0,63.1
28,23.00978506296776,,,17,1,3.61,7.35,6,0,1,1,66,0,1,0.94,1.71,70.0,1.0,1,30.2
36,25.523769732319543,,,19,1,0.17,1.64,7,0,0,0,6.6,0,0,0.95,1.86,93.0,0.0,0,20.8
31,24.9687349662497,,,17,0,0.42,2.8,5,0,0,0,2.34,0,0,0.82,1.88,138.0,0.0,0,32.2
32,16.641487108358312,,,13,0,4.89,7.87,5,0,0,0,2.35,0,0,0.88,5.0,107.0,0.0,0,56.2
32,20.97932377423505,,,10,0,3.81,7.09,5,1,0,1,2.04,0,0,0.91,1.361,92.0,1.0,0,47.36
26,28.202017781681462,,,3,0,2.71,7.76,5,0,0,1,1.7,1,0,0.94,3.71,122.0,1.0,0,17.1
23,17.589192091668195,,,23,1,5.15,5.0,5,0,1,1,19.8,1,1,0.83,1.69,92.0,1.0,1,23.5
35,21.07004048505213,,,4,0,4.88,8.99,6,1,0,0,6,1,0,0.94,1.32,110.0,1.0,0,30.5
40,25.367639212347896,,,19,0,3.44,6.56,5,0,0,0,16,0,1,0.89,5.0,92.0,1.0,1,21.6
34,26.556026916841933,,,8,0,1.83,6.98,6,1,0,1,1.4,1,1,0.81,2.96,110.0,1.0,0,56.9
39,25.07567337488837,,,23,1,1.95,5.4,4,0,1,0,0.37,0,1,0.94,1.0,94.0,1.0,0,18.6
34,26.24143394079795,,,6,0,3.45,6.42,5,0,0,1,10.9,1,0,0.87,2.64,100.0,0.0,0,39.1
44,29.64550107833629,,,6,0,3.65,4.21,5,0,0,0,1.7,0,0,0.88,3.99,109.0,0.0,0,34.7
36,22.46739679565672,,,1,0,2.78,11.96,6,0,0,0,3.7,0,0,0.93,2.87,92.0,0.0,0,22.5
30,22.47613457652275,,,7,0,4.09,7.04,5,0,0,1,7.8,0,0,0.89,1.54,95.0,1.0,1,31.8
28,22.488467639587977,,,6,0,4.97,5.2,5,0,0,1,1.91,1,0,0.95,2.74,100.0,1.0,0,9.01
34,20.65012133118589,,,14,0,0.51,2.46,5,0,0,0,1,0,0,0.87,2.16,75.0,1.0,0,35.66
27,23.30329482014856,,,19,1,3.07,5.4,4,1,1,0,9,0,0,0.89,6.75,100.0,0.0,1,23.1
47,22.58246506047657,,,12,0,1.4,4.59,5,1,0,1,3.33,0,0,0.89,5.89,100.0,1.0,0,35.4
27,15.455948517229244,,,23,1,5.11,4.25,5,1,1,0,21.8,1,1,0.93,2.08,79.0,1.0,0,23.3
36,28.18115054878407,,,15,0,1.07,3.24,5,0,0,1,6.74,1,0,0.86,1.6,76.0,0.0,0,52.4
37,24.243338322633274,,,13,0,0.98,3.51,5,0,0,0,2.33,0,0,0.84,5.2,92.0,0.0,0,25.6
32,23.37536956544253,,,3,0,3.37,9.14,5,0,0,0,0.71,0,0,0.88,0.58,116.0,0.0,1,36.3
25,26.66655001510266,,,10,1,2.34,4.59,3,0,0,0,8.9,1,1,0.89,2.38,72.0,0.0,1,18.7
36,21.323375153366783,,,12,0,1.99,3.99,5,0,0,0,2.36,0,0,0.82,2.376,100.0,0.0,0,45.55
34,15.295628396782323,,,17,0,2.3,4.94,4,1,0,1,16.9,0,0,0.91,3.36,88.0,0.0,0,16.4
30,18.148271510434192,,,4,0,4.45,5.64,5,1,0,1,1.68,0,0,0.94,10.22,91.0,0.0,0,29.1
28,26.28553370701537,,,18,0,2.3,7.03,6,1,0,0,3.6,1,0,0.9,0.22,85.0,1.0,0,32.4
24,20.77191367747612,,,8,0,7.47,5.75,5,0,0,0,2.14,0,0,0.88,3.57,100.0,0.0,0,36.2
29,18.921398206225984,,,11,0,0.65,2.02,5,0,0,0,3.78,0,0,0.81,1.98,91.0,0.0,0,19.1
23,22.76255275046037,,,16,1,2.19,3.26,4,1,1,1,5.69,1,0,0.92,0.55,133.0,1.0,1,8.6
29,21.74752404611855,,,11,0,7.06,5.49,3,1,1,0,8.75,0,0,0.94,2.8,102.0,1.0,0,57.08
28,23.453824443379222,,,17,1,3.61,7.35,6,0,1,1,66,0,1,0.94,1.71,70.0,1.0,1,30.2
31,23.03438161622989,,,20,1,0.9,1.8,2,1,1,0,15,0,1,0.9,1.86,92.0,1.0,0,23.6
28,15.8501027816829,,,15,0,0.63,2.59,6,1,0,0,5.8,0,1,0.86,5.74,84.0,1.0,0,39.3
25,26.366073760818637,,,3,0,1.3,2.82,6,0,0,0,2.85,0,0,0.87,1.86,91.0,0.0,0,17.1
30,24.27056558780101,,,17,0,0.3,1.48,5,0,0,0,3.86,0,0,0.88,1.44,116.0,0.0,0,16.9
31,20.18345882316736,,,17,1,4.09,7.08,4,1,0,0,4.5,1,1,0.82,2.24,107.0,1.0,1,64.2
32,23.979688705190668,,,13,1,2018.0,4.33,5,1,0,0,7.7,0,0,0.89,2.1,93.0,0.0,1,41.04
30,19.160637959889865,,,13,0,2.23,7.86,5,1,1,1,4.1,1,1,0.94,1.54,83.0,1.0,0,22.1
31,24.744730677795328,,,17,0,0.42,2.8,5,0,0,0,2.34,0,0,0.82,1.88,138.0,0.0,0,32.2
36,23.988103893203853,,,5,0,1.78,5.21,5,1,0,0,0.9,0,0,0.89,1.87,100.0,1.0,0,25.9
30,24.00466145615685,,,5,0,14.69,7.78,9,0,0,0,3.3,0,0,0.83,2.9,100.0,1.0,1,56.3
32,24.42020600931547,,,6,0,1.5,4.76,5,0,0,0,2.3,0,0,0.85,2.45,100.0,0.0,0,51.9
36,30.322435306587348,,,2,0,2.83,6.72,4,0,0,0,3.68,0,0,0.84,2.24,100.0,0.0,0,10.7
36,23.710840780909415,,,2,0,3.97,7.4,5,0,1,0,4.9,0,0,0.94,2.12,138.0,0.0,0,17.9
37,29.15256637056693,,,8,0,0.48,3.22,7,0,0,0,2.78,0,0,0.84,3.57,92.0,0.0,0,36.58
24,20.382549557202367,,,8,0,7.47,5.75,5,0,0,0,2.14,0,0,0.88,3.57,100.0,0.0,0,36.2
35,24.107522568439634,,,26,1,1.97,4.41,5,0,0,0,0.87,0,0,0.84,5.0,92.0,0.0,1,16.0
40,22.487026956816475,,,8,0,3.31,5.65,6,0,0,1,0.5,0,0,0.88,3.85,107.0,0.0,1,24.3
38,24.59074126582745,,,21,0,2.54,9.29,5,0,0,0,1,0,0,0.89,1.31,100.0,0.0,0,30.5
37,23.92667387336072,,,8,0,1.43,4.41,7,0,0,1,3.8,0,0,0.89,2.73,100.0,1.0,0,19.5
36,24.781023348244123,,,8,0,1.09,6.73,5,0,0,0,1.53,0,0,0.84,3.16,92.0,0.0,0,61.3
39,24.96681508412749,,,8,0,3.37,4.61,5,0,0,1,3.3,1,0,0.88,4.33,100.0,0.0,0,29.0
27,22.89063770290604,,,21,1,0.33,2.62,8,1,1,1,10,1,0,0.84,1.58,100.0,1.0,0,34.1
24,22.477293547047605,,,8,0,3.01,5.45,5,0,0,1,1.6,0,0,0.82,3.46,92.0,0.0,0,19.5
26,23.80595528881556,,,13,1,0.1,1.0,4,1,1,1,1.15,1,1,0.94,0.59,100.0,1.0,0,20.7
35,27.28414274764553,,,26,0,8.45,5.41,5,0,0,0,5.2,0,0,0.85,9.03,120.0,0.0,0,25.36
28,26.24666730839465,,,10,0,1.03,4.44,6,0,0,1,5.7,1,0,0.92,3.67,130.0,1.0,0,15.5
32,15.696291143148477,,,1,0,0.46,1.7,4,0,0,0,6.2,0,0,0.94,2.84,72.0,1.0,0,20.9
30,29.705947732020974,,,41,1,2.78,6.18,3,1,1,1,3.84,1,1,0.84,4.28,100.0,1.0,1,25.14
40,24.703908948556293,,,7,0,3.83,4.8,5,0,0,1,8.1,0,0,0.88,1.98,115.0,1.0,0,44.1
27,19.59597590883673,,,5,0,4.61,8.95,5,0,1,0,0.6,0,0,0.92,4.27,100.0,0.0,0,24.3
29,23.69861836497134,,,10,0,2.71,5.64,5,1,0,1,2.8,0,0,0.88,1.24,225.0,0.0,0,32.7
26,29.522639061190457,,,6,0,3.34,6.87,5,0,0,0,2.31,0,0,0.89,2.33,92.0,0.0,0,25.65
36,26.722974324503895,,,3,0,2.96,4.86,5,0,0,0,1.92,0,0,0.82,5.0,100.0,0.0,0,26.0
29,27.82592715114264,,,13,0,1.61,1.99,6,1,0,1,5.96,1,0,0.89,1.77,95.0,1.0,0,22.7
39,27.461346126461653,,,2,0,1.49,8.91,4,0,0,1,0.37,0,0,0.94,2.31,93.0,0.0,1,25.5
28,23.89510314256705,,,33,1,0.77,3.44,5,1,1,0,5.25,1,1,0.9,0.75,140.0,1.0,1,43.68
35,26.07338150102948,,,3,0,1.01,3.91,6,0,0,1,1.2,1,0,0.92,2.45,115.0,0.0,0,20.7
38,26.866630658729804,,,13,1,3.26,8.15,4,1,0,1,10.6,1,0,0.94,7.02,92.0,1.0,0,16.7
30,21.88151586537028,,,15,0,6.26,6.3,4,1,0,1,8.1,0,0,0.94,2.58,112.0,0.0,1,26.3
42,25.306071383559114,,,12,0,1.76,6.76,6,1,0,0,1.2,1,0,0.92,3.505,115.0,1.0,0,22.7
38,23.550743165279844,,,13,0,0.78,8.36,5,0,0,0,2.4,1,0,0.8,2.43,92.0,0.0,0,13.5
32,23.430524993277324,,,12,0,1.43,3.98,5,1,0,0,4.6,0,1,0.89,4.29,80.0,1.0,1,26.1
35,22.980948331861587,,,6,0,0.51,2.2,4,0,0,0,3.3,0,0,0.97,2.46,115.0,0.0,0,24.0
34,25.455103194256136,,,12,0,0.31,2.85,5,0,0,0,3.05,0,0,0.85,1.51,93.0,0.0,0,42.7
33,17.424051948840027,,,17,0,4.51,7.05,5,0,0,0,12,0,0,0.86,8.47,100.0,0.0,0,28.6
30,28.596705067667912,,,41,1,2.78,6.18,3,1,1,1,3.84,1,1,0.84,4.28,100.0,1.0,1,25.14
32,21.001553875881825,,,3,0,8.96,5.1,5,0,0,0,0.86,0,0,0.84,4.3,97.0,0.0,0,29.8
33,21.2397766379955,,,12,0,2.63,4.09,6,1,0,1,10.3,0,0,0.88,1.08,100.0,1.0,1,27.2
39,22.503728710867147,,,16,0,5.1,10.29,4,0,0,0,6.3,0,0,0.88,1.48,92.0,0.0,0,23.4
42,38.38951678580246,,,29,1,2.02,5.59,7,0,1,1,3.62,1,1,0.98,1.91,91.0,1.0,0,28.2
26,19.987080150606868,,,15,0,2.42,5.71,6,0,0,1,11,0,0,0.88,1.46,110.0,1.0,1,16.9
34,29.200474620484187,,,20,1,1.36,4.54,5,1,0,1,10.2,1,0,0.9,2.33,130.0,1.0,0,18.2
29,24.68532771602489,,,26,1,0.4,2.91,4,0,1,1,7.51,1,0,0.8,1.64,108.0,1.0,0,31.2
27,24.18100814313062,,,15,1,0.55,3.07,5,0,0,1,5.5,1,1,0.89,2.28,80.0,1.0,0,25.1
32,23.57474088805617,,,13,1,2018.0,4.33,5,1,0,0,7.7,0,0,0.89,2.1,93.0,0.0,1,41.04
23,22.60770148318101,,,40,1,5.48,4.42,10,1,1,1,3.2,1,1,0.81,3.26,70.0,0.0,0,23.114
30,24.872356036730466,,,26,1,7.2,4.75,4,1,0,0,7.2,1,1,0.92,4.75,92.0,1.0,0,33.8
26,36.05500638861764,,,12,0,2.73,5.9,9,0,0,0,2.36,0,0,0.89,1.7,92.0,0.0,0,45.35
48,23.44374227714872,,,19,0,2.6,4.08,2,1,0,0,4.02,0,0,0.95,0.45,91.0,0.0,1,29.2
26,30.765174894313127,,,15,1,8.34,3.63,2,1,0,0,26.4,1,1,0.95,2.92,93.0,1.0,0,22.4
30,21.92409280206952,,,2,0,0.3,4.63,3,1,0,0,2.8,0,0,0.92,1.13,92.0,1.0,0,36.9
23,24.20585202536021,,,30,1,2.59,4.07,4,0,1,1,5.61,1,0,0.94,2.04,108.0,1.0,0,15.36
34,24.23558964238362,,,15,1,6.48,5.01,4,1,1,1,1.89,1,1,0.93,4.21,85.0,1.0,0,32.45
34,25.84080384907181,,,4,0,2.19,6.54,5,0,0,0,2.06,0,0,0.82,4.24,133.0,0.0,0,37.1
44,29.585740637238462,,,6,0,3.65,4.21,5,0,0,0,1.7,0,0,0.88,3.99,109.0,0.0,0,34.7
20,25.64496895832856,,,18,0,9.17,3.52,0,0,0,0,0.33,0,0,0.86,2.01,80.0,0.0,0,38.63
37,31.499455252645728,,,26,1,3.22,9.22,5,0,1,1,10.25,1,1,0.93,1.68,350.0,1.0,0,48.96
28,26.99028144774808,,,33,1,2.95,4.0,5,1,1,0,18.5,1,1,0.92,0.86,95.0,1.0,0,20.4
31,23.67543064378244,,,13,0,3.39,2.49,6,1,0,0,3.1,0,1,0.89,1.62,92.0,1.0,0,24.1
42,22.407162838526965,,,1,0,3.83,6.81,5,0,0,0,5.14,0,0,0.8,1.99,100.0,0.0,0,9.2
32,29.02484520436828,,,7,0,1.43,2.47,5,1,0,1,7,1,0,0.92,3.64,108.0,0.0,0,87.2
38,22.15027577984364,,,6,0,0.71,4.84,5,0,0,0,2.38,0,0,0.85,1.48,91.0,0.0,0,21.2
32,25.60993386273081,,,5,0,2.62,5.01,5,0,0,1,0.29,1,0,0.84,1.93,92.0,1.0,1,9.4
30,19.53264337759201,,,32,1,6.69,7.59,2,0,1,0,10.53,0,1,0.89,3.58,116.0,1.0,1,21.7
29,30.122531711931188,,,19,1,6.42,5.76,3,1,0,1,6,1,1,0.9,0.95,92.0,1.0,0,36.2
36,26.31218308028017,,,5,0,1.71,2.85,6,1,0,1,3.09,1,0,0.92,1.54,95.0,0.0,1,20.16
29,24.254195849316208,,,6,0,1.47,6.47,3,0,0,0,1.3,0,0,0.89,1.57,92.0,1.0,0,32.4
25,19.29950075726675,,,24,1,3.6,5.12,5,1,1,1,11.9,0,0,0.87,1.88,115.0,1.0,0,29.3
39,20.408984255618325,,,4,0,7.58,4.84,5,0,0,0,5.42,0,0,0.9,3.63,91.0,0.0,0,21.3
23,23.070820268234154,,,30,1,2.59,4.07,4,0,1,1,5.61,1,0,0.94,2.04,108.0,1.0,0,15.36
23,24.92854775579152,,,21,1,5.5,4.42,4,0,0,0,2.53,1,1,0.83,1.79,100.0,1.0,1,54.6
36,26.138960881762443,,,14,0,3.24,6.24,2,0,0,0,6.56,0,0,0.87,2.02,100.0,0.0,0,27.8
23,30.852660183305275,,,19,1,4.3,3.99,7,1,1,1,20,1,1,0.96,1.66,108.0,1.0,0,17.4
32,24.92498814128929,,,3,0,2.02,2.17,5,0,0,0,0.2,1,0,0.92,4.78,115.0,1.0,0,17.3
32,16.724053555701104,,,12,0,3.02,3.76,5,0,0,0,1,0,0,0.9,1.51,116.0,0.0,0,21.8
35,26.755887893834547,,,19,0,2.1,7.42,5,0,0,0,3.7,0,0,0.82,1.62,108.0,0.0,0,20.1
33,25.633681799659374,,,10,0,0.57,3.21,3,1,0,0,3.14,0,0,0.92,10.96,80.0,1.0,1,28.7
39,26.38084820101972,,,2,0,1.49,8.91,4,0,0,1,0.37,0,0,0.94,2.31,93.0,0.0,1,25.5
22,22.633896202255045,,,16,0,3.67,4.69,6,1,0,1,3.9,0,0,0.87,3.62,100.0,1.0,0,35.5
23,18.011948091429367,,,23,1,5.15,5.0,5,0,1,1,19.8,1,1,0.83,1.69,92.0,1.0,1,23.5
34,27.64905143206504,,,7,0,0.3,1.47,11,0,0,0,1.42,0,0,0.83,1.56,131.0,0.0,0,44.5
31,25.268718262935614,,,13,0,3.39,2.49,6,1,0,0,3.1,0,1,0.89,1.62,92.0,1.0,0,24.1
26,36.73206023645317,,,12,0,2.73,5.9,9,0,0,0,2.36,0,0,0.89,1.7,92.0,0.0,0,45.35
32,28.377593129894496,,,15,1,1.24,2.0,5,0,1,1,1.99,1,0,0.9,1.68,93.0,1.0,0,18.3
30,25.929463933079024,,,10,0,3.85,5.59,5,0,0,0,0.56,0,0,0.94,3.0,88.0,0.0,1,30.3
27,24.58369390218516,,,19,1,2.04,4.3,5,0,0,0,0.19,1,0,0.95,3.65,107.0,0.0,0,21.8
32,25.847702676911485,,,8,0,0.29,2.35,6,1,0,0,4.2,1,0,0.95,5.0,100.0,1.0,1,24.0
29,21.22368562333192,,,11,0,3.26,7.08,5,0,0,1,18.5,1,1,0.89,2.78,140.0,0.0,0,19.0
32,26.62439398714225,,,8,0,0.29,2.35,6,1,0,0,4.2,1,0,0.95,5.0,100.0,1.0,1,24.0
23,27.468103190156214,,,18,1,0.57,2.13,7,0,1,0,5.5,0,1,0.95,1.0,92.0,1.0,0,17.0
33,23.650808442157658,,,13,0,3.07,4.86,5,0,0,0,1.54,1,0,0.86,12.18,91.0,0.0,0,38.0
35,26.59027872487553,,,26,0,8.45,5.41,5,0,0,0,5.2,0,0,0.85,9.03,120.0,0.0,0,25.36
29,30.354904338307648,,,21,1,6.42,5.76,3,0,1,0,6,1,1,0.93,0.95,92.0,1.0,0,36.2
44,26.776670251866125,,,14,0,0.15,2.81,5,1,0,0,4.6,0,0,0.95,1.01,82.0,0.0,0,16.9
25,20.06075802321946,,,24,1,3.6,5.12,5,1,1,1,11.9,0,0,0.87,1.88,115.0,1.0,0,29.3
28,22.358646217258293,,,20,1,1.61,4.0,6,1,0,1,4.6,0,1,0.87,1.15,100.0,1.0,0,34.4
44,27.04076590998924,,,14,0,0.15,2.81,5,1,0,0,4.6,0,0,0.95,1.01,82.0,0.0,0,16.9
30,19.36803038509408,,,3,0,3.1,8.99,6,1,0,1,1.04,0,0,0.89,1.71,91.0,1.0,1,22.0
29,26.002992815085364,,,10,0,4.19,6.11,5,1,0,0,1.89,1,0,0.84,3.27,91.0,1.0,0,15.0
35,22.77168783696643,,,16,1,0.77,1.57,5,1,1,1,2.14,1,1,0.89,4.18,100.0,0.0,0,56.25
35,20.315968796295696,,,12,0,1.56,3.25,5,0,0,0,3.18,0,0,0.86,1.75,116.0,0.0,0,34.2
30,26.16919582541754,,,17,1,14.24,6.86,2,1,1,0,15.7,1,1,0.87,2.32,100.0,1.0,0,18.7
22,24.251438981945444,,,16,0,3.67,4.69,6,1,0,1,3.9,0,0,0.87,3.62,100.0,1.0,0,35.5
36,22.128223264561345,,,5,0,1.03,7.92,5,0,0,0,2.1,1,1,0.81,4.04,92.0,0.0,1,26.5
35,20.959562594114733,,,30,1,1.05,2.63,4,1,1,0,13.6,0,1,0.91,2.08,86.0,1.0,0,32.2
41,27.14159328796089,,,1,0,3.68,9.64,6,0,0,0,0.8,1,0,0.95,2.52,92.0,1.0,0,31.0
32,16.107613783482357,,,1,0,0.46,1.7,4,0,0,0,6.2,0,0,0.94,2.84,72.0,1.0,0,20.9
34,27.806738109657925,,,20,1,1.36,4.54,5,1,0,1,10.2,1,0,0.9,2.33,130.0,1.0,0,18.2
45,21.30996312526529,,,12,1,1.99,2.24,4,1,1,1,6.5,1,1,0.9,22.59,138.0,1.0,0,10.5
32,17.91599424126945,,,2,0,3.27,4.52,6,1,1,0,2.6,0,0,0.89,1.4,115.0,0.0,0,18.8
26,29.36621627677082,,,16,0,3.5,7.06,5,0,0,0,7.6,0,0,0.92,17.2,92.0,0.0,0,32.7
30,30.293996125361147,,,1,0,3.46,7.38,3,0,0,0,1.9,0,0,0.93,2.93,80.0,1.0,1,21.2
43,25.721190779731973,,,5,0,3.18,3.76,5,0,0,1,1.28,1,0,0.89,1.72,91.0,0.0,0,46.9
28,19.28057110272568,,,18,0,0.57,2.17,5,0,0,0,2.36,0,0,0.84,1.66,85.0,0.0,0,36.87
28,25.134206912598238,,,19,1,0.59,3.3,2,1,0,1,9.1,1,0,0.92,2.78,92.0,1.0,0,10.1
36,26.03969033130653,,,8,0,1.25,4.48,6,1,0,1,3.6,0,0,0.9,0.72,107.0,1.0,0,30.1
36,25.84261308596752,,,3,0,2.96,4.86,5,0,0,0,1.92,0,0,0.82,5.0,100.0,0.0,0,26.0
28,20.25130373766933,,,6,0,3.68,7.95,5,0,0,0,2.07,0,0,0.83,0.68,92.0,1.0,0,17.1
36,25.77745129921713,,,19,1,0.17,1.64,7,0,0,0,6.6,0,0,0.95,1.86,93.0,0.0,0,20.8
25,20.813890564914026,,,7,0,0.9,3.98,5,0,0,1,2.26,0,0,0.81,3.57,84.0,0.0,0,43.8
29,20.868164455900725,,,11,0,3.26,7.08,5,0,0,1,18.5,1,1,0.89,2.78,140.0,0.0,0,19.0
24,20.14468984158508,,,21,1,0.99,3.9,5,1,1,1,7.2,0,0,0.94,5.0,86.0,0.0,0,30.7
27,18.362208245851605,,,5,0,4.61,8.95,5,0,1,0,0.6,0,0,0.92,4.27,100.0,0.0,0,24.3
27,20.947613928723943,,,27,1,4.61,6.8,5,0,0,0,5.3,0,0,0.85,3.49,90.0,0.0,1,26.1
29,29.283975015764156,,,18,0,2.13,5.6,5,0,0,0,3.88,0,0,0.86,0.93,92.0,0.0,0,14.36
30,22.03314840562285,,,11,0,3.79,6.06,6,1,0,1,3.02,0,0,0.95,2.26,91.0,1.0,1,48.63
28,21.058744092834225,,,20,1,1.61,4.0,6,1,0,1,4.6,0,1,0.87,1.15,100.0,1.0,0,34.4
23,22.12811636831181,,,17,0,1.8,5.32,5,0,0,0,2.1,0,0,0.84,5.17,70.0,0.0,0,14.0
27,21.21133191539041,,,21,1,0.33,2.62,8,1,1,1,10,1,0,0.84,1.58,100.0,1.0,0,34.1
37,28.83451142672888,,,6,0,1.49,4.19,5,0,0,1,9.9,0,0,0.81,1.4,130.0,1.0,1,23.5
33,17.53527012542359,,,17,0,4.51,7.05,5,0,0,0,12,0,0,0.86,8.47,100.0,0.0,0,28.6
32,24.62596344192589,,,8,0,2.61,3.34,7,0,1,0,2.5,0,0,0.95,1.52,107.0,0.0,0,12.7
29,28.732027954628883,,,19,1,1.92,4.52,5,0,1,1,12.7,1,1,0.84,1.68,100.0,0.0,1,22.7
22,25.119134661889163,,,6,1,5.78,6.44,5,0,1,0,8.8,1,1,0.76,2.96,85.0,1.0,0,41.7
25,25.26708575912977,,,22,1,1.41,2.52,5,1,1,1,18,1,1,0.93,3.04,80.0,0.0,0,31.2
28,21.172237557539667,,,5,0,3.54,8.94,5,1,0,0,1.5,0,0,0.94,1.76,100.0,0.0,0,29.5
36,23.97347441950661,,,5,0,0.1,3.22,5,0,0,1,5,0,0,0.97,2.91,92.0,1.0,0,53.21
34,25.84807641839336,,,6,0,3.45,6.42,5,0,0,1,10.9,1,0,0.87,2.64,100.0,0.0,0,39.1
30,21.59903698282496,,,13,0,0.35,2.44,5,1,0,0,5.1,1,1,0.96,1.47,92.0,1.0,0,38.2
43,17.80506639298351,,,8,0,7.09,14.99,6,1,0,0,0.16,0,0,0.93,6.09,100.0,0.0,1,24.5
27,24.684445882354765,,,13,0,3.9,5.95,5,0,0,0,5.4,0,0,0.94,2.21,92.0,0.0,0,24.2
29,25.38449355425254,,,10,0,4.19,6.11,5,1,0,0,1.89,1,0,0.84,3.27,91.0,1.0,0,15.0
30,23.956258327332307,,,10,0,3.85,5.59,5,0,0,0,0.56,0,0,0.94,3.0,88.0,0.0,1,30.3
27,25.790081053159344,,,8,0,2.79,5.32,5,0,0,0,2.29,0,0,0.83,6.81,116.0,0.0,0,22.5
34,22.341732849928476,,,40,1,2.3,2.24,7,0,0,0,0.85,0,0,0.97,6.66,90.0,0.0,0,46.21
33,26.29077400761067,,,10,0,0.56,3.35,5,0,0,1,0.84,1,0,0.89,2.98,106.0,0.0,1,23.8
26,16.40937229523957,,,12,0,2.78,7.34,5,0,0,0,4.33,0,0,0.85,4.45,80.0,0.0,0,54.62
29,28.623491471379836,,,2,1,2.41,2.56,5,0,1,1,7.3,0,1,0.94,2.86,92.0,0.0,1,19.0
37,23.61930899595372,,,13,0,0.98,3.51,5,0,0,0,2.33,0,0,0.84,5.2,92.0,0.0,0,25.6
33,22.54457622354344,,,3,0,1.27,5.89,6,1,0,1,1.1,0,0,0.92,0.69,100.0,0.0,0,20.3
24,24.29943597466937,,,21,1,6.03,4.62,9,0,1,0,16.9,1,1,0.87,1.46,120.0,1.0,1,15.3
34,24.22012751046038,,,15,1,6.48,5.01,4,1,1,1,1.89,1,1,0.93,4.21,85.0,1.0,0,32.45
41,22.717437496102363,,,3,0,2.35,9.66,5,0,0,0,5.8,0,0,0.89,3.27,115.0,0.0,0,36.55
28,28.9023462195036,,,6,0,0.75,8.96,5,0,1,1,2,0,1,0.84,1.04,92.0,0.0,0,20.0
32,26.37978552010719,,,12,0,2.48,4.33,5,0,0,1,3.56,0,1,0.84,1.51,91.0,0.0,0,31.5
39,40.3286951394714,,,16,1,2.26,6.4,6,1,1,1,4.1,1,1,0.96,5.0,106.0,1.0,0,32.6
33,29.03461809289103,,,20,1,3.13,3.47,2,1,0,0,1.01,1,1,0.93,3.9,100.0,1.0,0,32.9
22,34.00028520047155,,,16,1,4.06,4.14,5,1,0,0,17.9,1,1,0.82,2.9,92.0,1.0,1,22.92
36,26.57005900114739,,,8,0,5.06,3.35,2,0,1,0,10.32,1,0,0.93,1.75,84.0,1.0,0,27.6
34,22.172054902841527,,,12,0,4.75,6.89,4,1,1,0,7.81,0,0,0.83,1.61,98.0,0.0,1,54.01
30,21.349412984596327,,,11,0,3.79,6.06,6,1,0,1,3.02,0,0,0.95,2.26,91.0,1.0,1,48.63
36,25.62715215123193,,,14,0,3.24,6.24,2,0,0,0,6.56,0,0,0.87,2.02,100.0,0.0,0,27.8
24,21.80625443081441,,,18,0,0.43,1.72,5,0,0,0,17.6,1,0,0.94,4.02,100.0,0.0,0,44.8
35,28.86468254741398,,,7,0,1.15,4.83,5,1,0,0,4.3,0,0,0.79,2.26,85.0,0.0,0,19.2
31,20.72002729502653,,,29,1,0.5,3.07,5,1,0,0,0.89,0,1,0.83,1.33,92.0,1.0,1,29.2
35,18.46504258140984,,,13,0,0.3,1.68,5,0,0,1,1.7,0,1,0.86,3.07,108.0,0.0,0,15.0
32,28.178043058428077,,,6,0,0.13,3.68,6,1,0,0,2.28,1,1,0.93,2.64,92.0,0.0,1,27.1
28,23.9702005493327,,,23,1,6.02,5.18,3,1,0,1,28.6,1,1,0.89,1.57,125.0,1.0,0,21.2
35,29.699558157961523,,,7,0,1.15,4.83,5,1,0,0,4.3,0,0,0.79,2.26,85.0,0.0,0,19.2
24,30.557897662074364,,,12,1,9.9,5.9,2,1,0,0,11.48,1,1,0.86,1.73,91.0,1.0,1,13.0
26,18.05533284853561,,,11,0,5.22,6.56,5,0,0,1,7.02,0,0,0.84,1.66,100.0,0.0,0,14.5
32,25.378143904970187,,,10,0,1.53,3.84,4,1,0,0,7.7,0,1,0.91,0.95,98.0,1.0,1,16.7
31,21.82301837290773,,,9,0,9.99,60.37,5,1,0,0,15.3,0,0,0.91,1.0,92.0,0.0,1,25.6
27,18.405964534818494,,,5,0,4.61,8.95,5,0,1,0,0.6,0,0,0.92,4.27,100.0,0.0,0,24.3
36,25.15432967147061,,,5,0,0.61,3.88,5,0,0,0,2.333,0,0,0.83,1.98,82.0,0.0,0,31.22
27,15.701333803003246,,,23,1,5.11,4.25,5,1,1,0,21.8,1,1,0.93,2.08,79.0,1.0,0,23.3
33,19.42722746431802,,,5,0,2.77,3.39,5,1,0,1,4.2,0,0,0.89,2.77,82.0,1.0,0,43.3
27,22.05484630867402,,,21,1,0.33,2.62,8,1,1,1,10,1,0,0.84,1.58,100.0,1.0,0,34.1
33,17.38619637081736,,,17,0,4.51,7.05,5,0,0,0,12,0,0,0.86,8.47,100.0,0.0,0,28.6
41,17.84981081500863,,,3,0,4.39,8.82,5,0,0,0,0.26,0,0,0.82,0.84,92.0,0.0,0,45.6
25,23.37569484059654,,,11,0,0.91,5.46,3,0,0,1,26.8,0,0,0.94,3.25,70.0,0.0,0,21.4
26,26.134799943325067,,,7,0,6.68,7.31,5,0,0,0,0.35,1,0,0.89,2.95,92.0,0.0,0,14.36
48,23.98057282104187,,,19,0,2.6,4.08,2,1,0,0,4.02,0,0,0.95,0.45,91.0,0.0,1,29.2
37,28.46350740023997,,,6,0,1.49,4.19,5,0,0,1,9.9,0,0,0.81,1.4,130.0,1.0,1,23.5
36,23.76586708838202,,,17,1,9.87,5.26,2,1,1,1,9.8,0,0,0.87,1.45,85.0,1.0,0,42.1
28,30.672053582253174,,,11,0,4.6,3.7,5,0,0,1,12,1,1,0.95,1.7,85.0,1.0,0,10.8
28,26.925369701409245,,,33,1,2.95,4.0,5,1,1,0,18.5,1,1,0.92,0.86,95.0,1.0,0,20.4
28,30.57124566563473,,,29,1,2.77,4.5,4,0,1,1,9,1,1,0.9,4.04,108.0,1.0,0,10.22
24,24.40779716348068,,,9,0,3.34,7.7,5,0,0,0,3.7,0,0,0.93,3.85,92.0,0.0,0,19.7
21,22.42270220189639,,,4,0,2.53,8.55,5,0,0,0,2.2,0,0,0.95,1.79,100.0,0.0,0,13.8
20,24.66163368715132,,,12,0,0.15,2.08,6,1,0,1,2.19,0,0,0.92,5.0,86.0,1.0,0,28.7
29,26.35575561925125,,,30,1,1.02,3.63,3,1,1,1,6.41,1,1,0.9,2.66,123.0,1.0,0,6014.66
30,17.70051605860635,,,4,0,4.45,5.64,5,1,0,1,1.68,0,0,0.94,10.22,91.0,0.0,0,29.1
29,28.111777290006614,,,2,1,2.41,2.56,5,0,1,1,7.3,0,1,0.94,2.86,92.0,0.0,1,19.0
35,25.914805730020674,,,5,0,3.35,7.72,5,1,0,0,2.6,1,1,0.83,5.51,108.0,0.0,1,21.5
26,26.070234787124647,,,25,1,4.62,6.83,2,1,1,0,5.9,1,0,0.9,2.39,76.0,1.0,0,38.6
22,32.4287268010921,,,2,0,2.19,5.21,5,1,0,0,16.7,1,0,0.9,1.24,77.0,0.0,0,20.8
23,23.383819919738475,,,10,0,2.15,6.09,6,1,0,1,3.29,0,0,0.92,1.37,93.0,0.0,0,26.0
32,28.456660518934573,,,21,1,0.15,1.46,5,1,1,1,3.21,1,1,0.87,0.44,107.0,1.0,1,25.45
30,25.0276735776712,,,17,1,14.24,6.86,2,1,1,0,15.7,1,1,0.87,2.32,100.0,1.0,0,18.7
47,22.52666281004113,,,12,0,1.4,4.59,5,1,0,1,3.33,0,0,0.89,5.89,100.0,1.0,0,35.4
34,22.02665914403777,,,14,0,0.51,2.46,5,0,0,0,1,0,0,0.87,2.16,75.0,1.0,0,35.66
39,25.03305424389712,,,23,1,1.95,5.4,7,1,0,0,0.37,0,0,0.95,1.0,94.0,1.0,0,18.6
26,20.93999010552999,,,1,0,4.5,5.7,5,0,0,0,1.2,0,1,0.88,1.24,92.0,1.0,1,23.2
33,17.704456058291406,,,17,0,4.51,7.05,5,0,0,0,12,0,0,0.86,8.47,100.0,0.0,0,28.6
20,23.183018331839364,,,12,0,0.15,2.08,6,1,0,1,2.19,0,0,0.92,5.0,86.0,1.0,0,28.7
26,19.93251504155596,,,14,0,3.13,5.09,4,0,1,0,8.75,0,0,0.78,2.56,73.0,0.0,0,9.6
37,27.98890362244465,,,20,1,4.55,7.61,3,1,0,0,6,1,1,0.89,3.51,92.0,1.0,0,26.4
26,29.90217665347584,,,3,0,2.32,6.04,5,0,0,0,0.88,0,0,0.81,65.0,90.0,0.0,0,20.25
34,27.198200848646685,,,12,0,0.31,2.85,5,0,0,0,3.05,0,0,0.85,1.51,93.0,0.0,0,42.7
34,21.755957733505472,,,10,1,5.57,6.47,6,1,1,0,5.4,0,1,0.89,3.01,100.0,1.0,0,35.8
37,30.941292623213403,,,4,0,2.36,8.06,5,0,0,0,1.22,0,0,0.86,16.41,76.0,0.0,0,33.4
36,31.550868893511016,,,2,0,2.83,6.72,4,0,0,0,3.68,0,0,0.84,2.24,100.0,0.0,0,10.7
28,23.77742838122898,,,17,1,3.61,7.35,6,0,1,1,66,0,1,0.94,1.71,70.0,1.0,1,30.2
26,22.753704760557305,,,2,0,2.14,3.52,5,1,0,1,5.2,0,0,0.89,0.74,115.0,1.0,0,30.1
37,20.328149471433708,,,2,0,4.364,15.45,5,0,0,0,4.91,0,0,0.89,1.2,98.0,0.0,0,29.47
38,25.92638800084253,,,13,1,3.26,8.15,4,1,0,1,10.6,1,0,0.94,7.02,92.0,1.0,0,16.7
31,20.6561469148815,,,4,0,1.0,5.98,6,1,0,1,1,0,0,0.86,3.13,100.0,1.0,0,43.4
36,25.971933975124,,,14,0,3.24,6.24,2,0,0,0,6.56,0,0,0.87,2.02,100.0,0.0,0,27.8
32,25.803474246948817,,,5,0,2.62,5.01,5,0,0,1,0.29,1,0,0.84,1.93,92.0,1.0,1,9.4
28,16.278235395188027,,,15,0,0.63,2.59,6,1,0,0,5.8,0,1,0.86,5.74,84.0,1.0,0,39.3
28,32.48598842837248,,,3,0,3.62,6.53,6,0,1,1,3.99,0,0,0.85,2.92,116.0,1.0,0,21.0
32,25.51235912727565,,,6,0,0.79,5.64,5,0,0,0,4.27,0,0,0.83,4.14,60.0,0.0,0,37.2
26,16.694372336339484,,,11,0,5.22,6.56,5,0,0,1,7.02,0,0,0.84,1.66,100.0,0.0,0,14.5
30,17.324528978415806,,,4,0,0.22,2.44,5,1,0,1,3.3,0,0,0.91,0.79,100.0,0.0,0,13.4
32,27.88086766143266,,,8,0,0.29,2.35,6,1,0,0,4.2,1,0,0.95,5.0,100.0,1.0,1,24.0
22,24.191481147728773,,,6,1,5.78,6.44,5,0,1,0,8.8,1,1,0.76,2.96,85.0,1.0,0,41.7
34,24.182404663260137,,,4,0,0.63,3.27,6,0,0,0,3.9,1,1,0.92,1.46,115.0,1.0,0,23.9
34,22.929861619299032,,,1,0,3.72,9.4,5,0,0,0,0.98,0,0,0.84,4.05,92.0,0.0,0,24.3
23,25.18745072298201,,,10,0,2.15,6.09,6,1,0,1,3.29,0,0,0.92,1.37,93.0,0.0,0,26.0
32,29.613635945536668,,,21,1,4.3,6.55,3,1,0,1,8,1,1,0.9,2.27,85.0,1.0,0,36.6
31,20.596231440073545,,,4,0,1.0,5.98,6,1,0,1,1,0,0,0.86,3.13,100.0,1.0,0,43.4
24,19.643620627628263,,,14,0,9.38,3.74,5,0,0,0,18.2,0,0,0.93,1.69,92.0,0.0,0,26.9
32,22.598439853957466,,,12,0,1.43,3.98,5,1,0,0,4.6,0,1,0.89,4.29,80.0,1.0,1,26.1
24,25.83290240838101,,,14,0,1.97,2.79,5,0,0,0,4.33,0,0,0.85,1.48,100.0,0.0,0,25.366
34,25.42351470879183,,,12,0,0.31,2.85,5,0,0,0,3.05,0,0,0.85,1.51,93.0,0.0,0,42.7
28,25.324588627553435,,,33,1,0.77,3.44,5,1,1,0,5.25,1,1,0.9,0.75,140.0,1.0,1,43.68
35,26.916895715346165,,,19,0,2.1,7.42,5,0,0,0,3.7,0,0,0.82,1.62,108.0,0.0,0,20.1
29,19.59334024394307,,,9,0,1.81,2.01,5,0,0,0,2.7,0,0,0.88,1.34,100.0,1.0,1,23.5
28,22.81190142153223,,,8,0,2.84,8.25,5,0,0,0,0.89,0,0,0.95,1.0,91.0,0.0,0,26.3
31,19.089211374542604,,,29,1,0.5,3.07,5,1,0,0,0.89,0,1,0.83,1.33,92.0,1.0,1,29.2
24,29.35635594252636,,,12,1,9.9,5.9,2,1,0,0,11.48,1,1,0.86,1.73,91.0,1.0,1,13.0
20,29.569310787463944,,,5,0,0.41,1.8,3,0,0,0,2.5,0,0,0.83,8.39,92.0,0.0,0,46.3
27,18.251729953115,,,21,1,3.07,5.4,5,0,0,0,9,0,1,0.89,6.75,100.0,1.0,1,23.1
32,27.57078675369989,,,7,0,1.43,2.47,5,1,0,1,7,1,0,0.92,3.64,108.0,0.0,0,87.2
41,28.04066193237573,,,16,0,3.6,4.74,3,1,0,1,9.1,1,0,0.9,1.09,85.0,1.0,1,31.6
25,25.32307829639044,,,16,1,5.11,6.96,4,1,1,1,9,1,0,0.85,3.06,100.0,1.0,0,33.6
27,19.73957228326741,,,5,0,4.61,8.95,5,0,1,0,0.6,0,0,0.92,4.27,100.0,0.0,0,24.3
37,25.734950826475668,,,2,0,5.1,9.1,6,0,0,0,2.01,1,1,0.84,2.85,91.0,1.0,0,17.1
35,31.391973348086157,,,31,1,0.44,3.13,5,0,1,1,3.49,1,1,0.81,0.76,108.0,1.0,0,31.2
38,14.945143355305644,,,4,0,0.49,2.95,5,0,0,1,4.2,0,0,0.94,2.61,100.0,1.0,0,24.6
29,29.35708993914982,,,21,1,6.42,5.76,3,0,1,0,6,1,1,0.93,0.95,92.0,1.0,0,36.2
29,26.73334877335914,,,11,0,9.28,6.76,2,0,0,0,2.3,0,0,0.87,1.2,92.0,0.0,0,50.2
30,25.397548554903416,,,10,0,3.85,5.59,5,0,0,0,0.56,0,0,0.94,3.0,88.0,0.0,1,30.3
31,25.62592794505584,,,19,0,3.46,5.28,5,0,1,1,6.26,0,0,0.92,2.48,116.0,1.0,1,16.25
30,18.109400122322043,,,3,0,3.1,8.99,6,1,0,1,1.04,0,0,0.89,1.71,91.0,1.0,1,22.0
29,23.17590863328397,,,6,0,4.25,3.62,5,0,0,0,3.3,1,0,0.82,1.67,100.0,0.0,0,17.5
34,22.3909349656822,,,10,1,5.57,6.47,6,1,1,0,5.4,0,1,0.89,3.01,100.0,1.0,0,35.8
35,26.871005602089628,,,7,0,3.42,6.52,6,1,0,0,2.5,1,0,0.89,0.77,92.0,0.0,1,20.0
27,22.93488331097429,,,19,1,2.04,4.3,5,0,0,0,0.19,1,0,0.95,3.65,107.0,0.0,0,21.8
34,25.17953868191796,,,6,0,3.45,6.42,5,0,0,1,10.9,1,0,0.87,2.64,100.0,0.0,0,39.1
34,22.564139754054786,,,11,0,2.15,5.3,5,0,0,0,2.55,0,0,0.88,4.6,80.0,0.0,0,35.98
28,30.623933907621733,,,11,0,4.6,3.7,5,0,0,1,12,1,1,0.95,1.7,85.0,1.0,0,10.8
34,31.26742179314225,,,9,0,1.97,4.86,11,0,1,0,17,0,1,0.88,1.04,108.0,1.0,1,39.4
36,30.998334064191724,,,2,0,2.83,6.72,4,0,0,0,3.68,0,0,0.84,2.24,100.0,0.0,0,10.7
25,24.871370699755456,,,3,0,4.21,5.68,5,0,1,1,10.6,0,0,0.94,2.76,92.0,0.0,0,19.3
33,26.91019914224411,,,20,1,3.13,3.47,2,1,0,0,1.01,1,1,0.93,3.9,100.0,1.0,0,32.9
25,24.04436302833601,,,3,0,4.21,5.68,5,0,1,1,10.6,0,0,0.94,2.76,92.0,0.0,0,19.3
28,21.116037337107805,,,5,0,3.54,8.94,5,1,0,0,1.5,0,0,0.94,1.76,100.0,0.0,0,29.5
31,26.0118003996279,,,13,0,0.24,1.58,6,1,0,1,5.1,1,0,0.9,6.91,87.0,1.0,0,25.6
29,27.480372288527683,,,19,1,1.92,4.52,5,0,1,1,12.7,1,1,0.84,1.68,100.0,0.0,1,22.7
35,25.13430412588356,,,7,0,3.42,6.52,5,0,0,1,2.5,1,0,0.92,0.77,92.0,1.0,0,20.0
26,19.95446917072482,,,6,0,1.47,4.09,5,0,0,0,1.67,0,0,0.85,3.98,100.0,0.0,0,29.18
26,20.38072892632836,,,5,0,3.25,6.12,6,1,0,0,3.2,0,0,0.92,4.75,84.0,0.0,1,31.6
31,21.774703659694257,,,9,0,9.99,60.37,5,1,0,0,15.3,0,0,0.91,1.0,92.0,0.0,1,25.6
28,25.043019163672778,,,13,1,9.5,4.21,2,0,1,1,15.9,1,0,0.86,0.65,110.0,1.0,1,23.8
24,24.886775722469935,,,21,1,6.03,4.62,9,0,1,0,16.9,1,1,0.87,1.46,120.0,1.0,1,15.3
31,21.80576323033491,,,24,1,1.75,4.96,6,1,0,0,1.1,0,1,0.86,2.2,93.0,0.0,1,25.7
32,22.379234657447668,,,3,0,3.37,9.14,5,0,0,0,0.71,0,0,0.88,0.58,116.0,0.0,1,36.3
34,23.048675159000464,,,1,0,3.72,9.4,5,0,0,0,0.98,0,0,0.84,4.05,92.0,0.0,0,24.3
32,24.8082601383021,,,6,0,0.79,5.64,5,0,0,0,4.27,0,0,0.83,4.14,60.0,0.0,0,37.2
30,25.40206777085312,,,26,1,7.2,4.75,4,1,0,0,7.2,1,1,0.92,4.75,92.0,1.0,0,33.8
32,24.41607560357399,,,3,0,2.02,2.17,5,0,0,0,0.2,1,0,0.92,4.78,115.0,1.0,0,17.3
26,20.821925252783224,,,1,0,4.5,5.7,5,0,0,0,1.2,0,1,0.88,1.24,92.0,1.0,1,23.2
27,22.96296433088895,,,8,0,1.08,2.1,5,1,0,1,1.14,0,0,0.92,3.4,100.0,0.0,0,25.4
27,24.38489435317874,,,21,0,7.46,6.35,8,0,0,0,4.6,0,0,0.88,3.72,92.0,0.0,0,49.3
30,27.277089947439727,,,11,0,3.4,6.02,5,0,0,0,1.4,0,1,0.79,1.33,100.0,0.0,0,26.87
33,27.56308950478435,,,20,1,3.13,3.47,2,1,0,0,1.01,1,1,0.93,3.9,100.0,1.0,0,32.9
29,23.594376346651945,,,6,0,1.47,6.47,3,0,0,0,1.3,0,0,0.89,1.57,92.0,1.0,0,32.4
38,19.41788384608255,,,16,0,2.44,3.71,5,1,0,0,3.05,0,0,0.84,0.54,100.0,1.0,1,42.5
26,24.474734492875708,,,13,1,0.1,1.0,4,1,1,1,1.15,1,1,0.94,0.59,100.0,1.0,0,20.7
35,20.39198558784347,,,30,1,1.05,2.63,4,1,1,0,13.6,0,1,0.91,2.08,86.0,1.0,0,32.2
35,27.00678805950213,,,19,0,2.1,7.42,5,0,0,0,3.7,0,0,0.82,1.62,108.0,0.0,0,20.1
28,20.948027283071543,,,26,0,3.23,4.73,6,1,0,1,1.68,0,0,0.94,1.22,115.0,0.0,0,33.55
40,27.513781835915516,,,3,1,1.64,4.38,5,1,0,0,10.8,1,0,0.95,3.74,100.0,1.0,0,18.3
35,23.461638641339945,,,25,0,2.67,3.71,6,1,1,0,9.7,0,0,0.94,2.97,93.0,1.0,1,15.0
24,32.90826118956941,,,31,1,0.79,3.3,4,1,1,1,2.38,1,1,0.9,2.59,110.0,1.0,0,63.1
24,26.002672328812395,,,14,0,1.97,2.79,5,0,0,0,4.33,0,0,0.85,1.48,100.0,0.0,0,25.366
32,18.76560063104732,,,2,0,3.27,4.52,6,1,1,0,2.6,0,0,0.89,1.4,115.0,0.0,0,18.8
38,22.21102182374171,,,5,0,0.49,1.8,5,0,0,0,0.9,0,0,0.94,1.56,87.0,0.0,0,23.5
33,22.40371026191272,,,2,0,0.48,7.6,5,0,1,0,3.9,0,0,0.79,1.67,100.0,0.0,0,33.4
27,25.052349116191987,,,25,1,7.35,6.25,4,1,0,1,8,1,1,0.83,2.61,84.0,1.0,0,6.5
31,21.433914285409383,,,5,0,0.34,1.92,6,1,0,0,3.63,0,1,0.83,2.73,91.0,0.0,1,48.0
31,24.597294279948,,,18,0,2.31,6.54,5,0,0,1,10,0,0,0.96,1.41,92.0,0.0,0,22.9
32,25.54996046614176,,,3,0,2.02,2.17,5,0,0,0,0.2,1,0,0.92,4.78,115.0,1.0,0,17.3
23,18.26321985497168,,,23,1,5.15,5.0,5,0,1,1,19.8,1,1,0.83,1.69,92.0,1.0,1,23.5
37,25.650086377956708,,,12,0,3.28,8.06,4,0,1,1,0.9,0,0,0.98,1.74,107.0,1.0,0,24.3
28,20.48932321779736,,,18,0,0.57,2.17,5,0,0,0,2.36,0,0,0.84,1.66,85.0,0.0,0,36.87
28,22.349043315141827,,,8,0,2.84,8.25,5,0,0,0,0.89,0,0,0.95,1.0,91.0,0.0,0,26.3
21,20.845990068193224,,,4,0,2.53,8.55,5,0,0,0,2.2,0,0,0.95,1.79,100.0,0.0,0,13.8
28,27.05976372869993,,,33,1,2.95,4.0,5,1,1,0,18.5,1,1,0.92,0.86,95.0,1.0,0,20.4
24,31.52975339578288,,,31,1,0.79,3.3,4,1,1,1,2.38,1,1,0.9,2.59,110.0,1.0,0,63.1
23,28.02387901490733,,,19,1,1.5,4.5,5,1,0,1,9.9,1,1,0.9,2.04,92.0,1.0,0,18.0
28,23.742167511156723,,,25,1,3.27,2.81,5,1,0,0,11.6,1,1,0.79,5.0,92.0,1.0,1,19.9
28,28.745187691801828,,,10,1,0.27,5.81,5,1,1,1,3.66,1,0,0.91,0.83,100.0,1.0,0,52.3
28,29.69500112815565,,,22,1,3.03,5.5,2,1,1,1,20.4,1,0,0.88,20.85,110.0,1.0,0,10.5
39,19.338901764857603,,,4,0,7.58,4.84,5,0,0,0,5.42,0,0,0.9,3.63,91.0,0.0,0,21.3
24,22.46673711810909,,,9,0,3.34,7.7,5,0,0,0,3.7,0,0,0.93,3.85,92.0,0.0,0,19.7
32,24.286245221536348,,,14,1,2.3,3.27,2,1,0,1,2.9,1,1,0.86,0.86,115.0,0.0,0,18.1
21,21.1578970752074,,,4,0,2.53,8.55,5,0,0,0,2.2,0,0,0.95,1.79,100.0,0.0,0,13.8
31,15.278118115511232,,,13,1,6.63,3.99,2,1,0,0,17.6,0,0,0.96,1.3,133.0,0.0,0,19.5
48,24.155338478165643,,,19,0,2.6,4.08,2,1,0,0,4.02,0,0,0.95,0.45,91.0,0.0,1,29.2
28,30.91216207128084,,,29,1,2.77,4.5,4,0,1,1,9,1,1,0.9,4.04,108.0,1.0,0,10.22
28,26.881710994625703,,,10,0,1.03,4.44,6,0,0,1,5.7,1,0,0.92,3.67,130.0,1.0,0,15.5
27,19.53794132377509,,,27,1,4.61,6.8,5,0,0,0,5.3,0,0,0.85,3.49,90.0,0.0,1,26.1
28,21.63250321566069,,,5,0,3.54,8.94,5,1,0,0,1.5,0,0,0.94,1.76,100.0,0.0,0,29.5
28,27.062117186918535,,,6,0,0.75,8.96,5,0,1,1,2,0,1,0.84,1.04,92.0,0.0,0,20.0
40,23.003438641053965,,,7,0,3.83,4.8,5,0,0,1,8.1,0,0,0.88,1.98,115.0,1.0,0,44.1
40,14.183797536914074,,,11,0,1.6,5.01,3,0,0,0,8.5,0,0,0.93,5.0,88.0,1.0,1,27.7
38,21.505145534501256,,,6,0,0.71,4.84,5,0,0,0,2.38,0,0,0.85,1.48,91.0,0.0,0,21.2
32,27.944640082563488,,,21,1,4.3,6.55,3,1,0,1,8,1,1,0.9,2.27,85.0,1.0,0,36.6
45,23.62080834327526,,,6,0,3.05,5.27,6,1,0,1,2.5,0,0,0.92,3.69,100.0,0.0,1,37.9
33,20.92115504098239,,,2,0,0.48,7.6,5,0,1,0,3.9,0,0,0.79,1.67,100.0,0.0,0,33.4
26,22.506815076787387,,,1,0,4.5,5.7,5,0,0,0,1.2,0,1,0.88,1.24,92.0,1.0,1,23.2
23,21.015652335610337,,,8,0,5.98,9.59,2,0,0,1,2.9,0,0,0.89,3.63,92.0,0.0,1,21.1
30,30.178850639823978,,,21,1,0.98,1.0,4,1,1,1,2.83,1,1,0.85,16.99,95.0,1.0,0,22.8
39,36.74673640716461,,,16,1,2.26,6.4,6,1,1,1,4.1,1,1,0.96,5.0,106.0,1.0,0,32.6
34,22.36131864527242,,,5,0,3.71,7.45,5,1,0,1,0.88,0,0,0.79,1.51,116.0,1.0,0,24.9
25,23.71903247503902,,,24,1,0.71,4.67,5,0,0,1,0.74,0,0,0.95,1.82,102.0,0.0,1,60.265
28,18.802860578396093,,,6,0,3.68,7.95,5,0,0,0,2.07,0,0,0.83,0.68,92.0,1.0,0,17.1
35,20.9157454046168,,,4,0,4.88,8.99,6,1,0,0,6,1,0,0.94,1.32,110.0,1.0,0,30.5
36,25.85721607295081,,,15,1,1.6,3.72,4,1,1,0,1.6,1,0,0.92,1.6,92.0,1.0,0,24.6
38,23.38836957727593,,,4,0,5.75,6.81,5,0,0,0,2.2,0,0,0.97,1.22,100.0,0.0,0,25.3
37,30.753654019722493,,,4,0,2.36,8.06,5,0,0,0,1.22,0,0,0.86,16.41,76.0,0.0,0,33.4
40,25.566015398297317,,,11,0,5.0,6.2,5,1,0,0,1.03,1,0,0.9,7.27,100.0,1.0,1,27.6
34,29.226734961962823,,,7,0,0.3,1.47,11,0,0,0,1.42,0,0,0.83,1.56,131.0,0.0,0,44.5
36,27.64925548294197,,,14,0,2.01,5.65,5,0,0,0,2.39,1,0,0.98,6.96,116.0,1.0,0,22.0
37,26.833638764400757,,,20,1,4.55,7.61,3,1,0,0,6,1,1,0.89,3.51,92.0,1.0,0,26.4
32,22.258239285166663,,,11,1,7.52,5.02,9,1,0,1,21,1,1,0.87,1.46,92.0,1.0,1,32.9
28,26.229501580874164,,,10,0,1.03,4.44,6,0,0,1,5.7,1,0,0.92,3.67,130.0,1.0,0,15.5
42,18.676658981364287,,,2,0,0.67,4.91,3,0,0,1,1.6,0,0,0.86,0.97,82.0,0.0,0,21.3
30,20.813371417088767,,,28,1,0.26,7.73,4,0,0,0,4.3,0,0,0.97,8.3,85.0,0.0,1,25.7
37,23.46245783883821,,,33,1,0.79,2.06,2,1,0,1,5.7,1,1,0.92,4.62,110.0,1.0,0,35.7
32,27.02385439479085,,,8,0,0.29,2.35,6,1,0,0,4.2,1,0,0.95,5.0,100.0,1.0,1,24.0
31,25.121065676115197,,,19,0,3.46,5.28,5,0,1,1,6.26,0,0,0.92,2.48,116.0,1.0,1,16.25
29,24.09856053375814,,,27,1,0.79,3.26,7,1,1,1,3.55,1,1,0.85,3.77,100.0,1.0,1,44.55
26,26.49479478834141,,,25,1,4.62,6.83,2,1,1,0,5.9,1,0,0.9,2.39,76.0,1.0,0,38.6
31,21.96641801097305,,,5,0,0.34,1.92,6,1,0,0,3.63,0,1,0.83,2.73,91.0,0.0,1,48.0
34,21.916402398112403,,,14,0,0.41,3.39,5,0,0,0,3.91,0,0,0.9,1.49,133.0,0.0,0,29.8
36,13.80841231606558,,,12,0,0.95,1.32,6,1,0,1,2.9,0,0,0.94,0.92,80.0,0.0,0,31.5
30,27.53841695770653,,,4,0,4.65,7.57,2,1,0,1,5,1,0,0.86,1.42,92.0,1.0,0,13.9
28,24.504233206680464,,,10,0,0.22,2.9,7,1,1,1,3.9,1,1,0.84,1.78,92.0,0.0,0,30.5
36,25.39152382148012,,,8,0,0.25,1.63,6,1,0,1,3.41,0,0,0.89,0.81,116.0,0.0,0,18.5
23,25.501830948039693,,,11,0,1.39,8.13,2,1,0,0,4.9,0,0,0.97,4.14,100.0,1.0,0,36.1
32,25.38462424687648,,,27,1,0.42,3.13,5,0,0,1,4.57,1,1,0.92,1.45,102.0,1.0,0,21.2
26,22.06642871455701,,,2,0,2.14,3.52,5,1,0,1,5.2,0,0,0.89,0.74,115.0,1.0,0,30.1
35,19.236984970866025,,,6,0,3.64,7.77,5,0,0,0,6.4,0,1,0.83,1.45,110.0,1.0,0,24.6
32,26.005149984347607,,,14,0,6.08,9.43,5,0,0,0,1.2,0,0,0.9,2.82,100.0,0.0,0,56.25
41,18.838136259189675,,,3,0,4.39,8.82,5,0,0,0,0.26,0,0,0.82,0.84,92.0,0.0,0,45.6
38,24.62563513652012,,,2,0,2.53,2.5,5,0,1,0,0.45,1,1,0.85,1.52,92.0,0.0,0,24.0
32,19.853308711966868,,,4,0,0.37,1.35,6,0,0,0,2.3,0,0,0.93,5.04,108.0,1.0,0,19.3
35,26.760555382669462,,,16,0,1.33,4.62,5,1,0,0,3.1,0,0,0.94,4.07,112.0,0.0,0,31.6
42,26.51973621716644,,,12,0,1.76,6.76,6,1,0,0,1.2,1,0,0.92,3.505,115.0,1.0,0,22.7
41,27.243000701148155,,,1,0,3.68,9.64,6,0,0,0,0.8,1,0,0.95,2.52,92.0,1.0,0,31.0
24,20.471915252118947,,,8,0,7.47,5.75,5,0,0,0,2.14,0,0,0.88,3.57,100.0,0.0,0,36.2
31,26.66226332649606,,,18,0,0.39,2.34,9,0,0,0,3.81,0,0,0.86,2.7,84.0,0.0,0,29.8
37,27.681715038706507,,,12,0,3.28,8.06,4,0,1,1,0.9,0,0,0.98,1.74,107.0,1.0,0,24.3
32,20.041406498344205,,,10,0,0.51,3.99,6,1,0,1,2.83,0,0,0.83,2.04,84.0,1.0,0,60.2
40,13.793101087244786,,,11,0,1.6,5.01,3,0,0,0,8.5,0,0,0.93,5.0,88.0,1.0,1,27.7
22,24.791898410471315,,,23,1,1.44,5.71,2,0,0,0,3.65,0,0,0.89,1.31,100.0,0.0,0,27.7
